2026/07/14 16:06:27 ZEBRA: [NFX3B-68SEX] FD Limit set: 1048576 is too large.  Is this intentional?  Consider using --limit-fds. Limiting size to 100000
2026/07/14 16:06:27 ZEBRA: [SAPXX-HP5B5][EC 4043309108] Extended Error: failed to retrieve link settings
2026/07/14 16:06:27 ZEBRA: [WVJCK-PPMGD][EC 4043309093] generic-netlink-cmd (NS 0) error: Operation not supported, type=RTM_GETADDR(22), seq=3, pid=1160
2026/07/14 16:06:27 ZEBRA: [SAPXX-HP5B5][EC 4043309108] Extended Error: failed to retrieve link settings
2026/07/14 16:06:27 ZEBRA: [WVJCK-PPMGD][EC 4043309093] generic-netlink-cmd (NS 0) error: Operation not supported, type=RTM_GETADDR(22), seq=5, pid=1160
2026/07/14 16:06:27 ZEBRA: [QBKSZ-0KHCW][EC 4043309138] Disabling MPLS support (no kernel support)
2026/07/14 16:06:27 ZEBRA: [T83RR-8SM5G] zebra 10.8.0-dev starting: vty@2601
2026/07/14 16:06:27 ZEBRA: [SAPXX-HP5B5][EC 4043309108] Extended Error: failed to retrieve link settings
2026/07/14 16:06:27 ZEBRA: [WVJCK-PPMGD][EC 4043309093] generic-netlink-cmd (NS 0) error: Operation not supported, type=RTM_GETADDR(22), seq=6, pid=1160
2026/07/14 16:06:27 ZEBRA: [SAPXX-HP5B5][EC 4043309108] Extended Error: failed to retrieve link settings
2026/07/14 16:06:27 ZEBRA: [WVJCK-PPMGD][EC 4043309093] generic-netlink-cmd (NS 0) error: Operation not supported, type=RTM_GETADDR(22), seq=7, pid=1160
2026/07/14 16:06:27 ZEBRA: [SHWNK-NWT5S][EC 100663304] No such command on config line 2: ip import-table 198
2026/07/14 16:06:27 ZEBRA: [YKHB9-ND03T] BE-client: msg_conn_send_msg: can't send message on closed connection
2026/07/14 16:06:27 ZEBRA: [GK6BW-E28RD] NB_OP_CHANGE: oper_walk_done: ERROR: Error sending notification message for path: /frr-interface:lib/interface[name="dummy0"]/state
2026/07/14 16:06:27 ZEBRA: [X0ASY-1BHSQ] NB_OP_CHANGE: oper_walk_done: ERROR: Error notifying for datastore path: /frr-interface:lib/interface[name="dummy0"]/state: generic error
2026/07/14 16:06:28 ZEBRA: [YKHB9-ND03T] BE-client: msg_conn_send_msg: can't send message on closed connection
2026/07/14 16:06:28 ZEBRA: [GK6BW-E28RD] NB_OP_CHANGE: oper_walk_done: ERROR: Error sending notification message for path: /frr-interface:lib/interface[name="dummy0"]/state
2026/07/14 16:06:28 ZEBRA: [X0ASY-1BHSQ] NB_OP_CHANGE: oper_walk_done: ERROR: Error notifying for datastore path: /frr-interface:lib/interface[name="dummy0"]/state: generic error
2026/07/14 16:06:28 ZEBRA: [K55SV-YMF8X] Sweeping the RIB for stale routes...
2026/07/14 16:06:28 ZEBRA: [YKHB9-ND03T] BE-client: msg_conn_send_msg: can't send message on closed connection
2026/07/14 16:06:28 ZEBRA: [GK6BW-E28RD] NB_OP_CHANGE: oper_walk_done: ERROR: Error sending notification message for path: /frr-interface:lib/interface[name="dummy0"]/state
2026/07/14 16:06:28 ZEBRA: [X0ASY-1BHSQ] NB_OP_CHANGE: oper_walk_done: ERROR: Error notifying for datastore path: /frr-interface:lib/interface[name="dummy0"]/state: generic error
2026/07/14 16:06:28 ZEBRA: [YKHB9-ND03T] BE-client: msg_conn_send_msg: can't send message on closed connection
2026/07/14 16:06:28 ZEBRA: [GK6BW-E28RD] NB_OP_CHANGE: oper_walk_done: ERROR: Error sending notification message for path: /frr-interface:lib/interface[name="dummy0"]/state
2026/07/14 16:06:28 ZEBRA: [X0ASY-1BHSQ] NB_OP_CHANGE: oper_walk_done: ERROR: Error notifying for datastore path: /frr-interface:lib/interface[name="dummy0"]/state: generic error
2026/07/14 16:06:28 ZEBRA: [YKHB9-ND03T] BE-client: msg_conn_send_msg: can't send message on closed connection
2026/07/14 16:06:28 ZEBRA: [GK6BW-E28RD] NB_OP_CHANGE: oper_walk_done: ERROR: Error sending notification message for path: /frr-interface:lib/interface[name="dummy0"]/state
2026/07/14 16:06:28 ZEBRA: [X0ASY-1BHSQ] NB_OP_CHANGE: oper_walk_done: ERROR: Error notifying for datastore path: /frr-interface:lib/interface[name="dummy0"]/state: generic error
2026/07/14 16:06:28 ZEBRA: [YKHB9-ND03T] BE-client: msg_conn_send_msg: can't send message on closed connection
2026/07/14 16:06:28 ZEBRA: [GK6BW-E28RD] NB_OP_CHANGE: oper_walk_done: ERROR: Error sending notification message for path: /frr-interface:lib/interface[name="dummy0"]/state
2026/07/14 16:06:28 ZEBRA: [X0ASY-1BHSQ] NB_OP_CHANGE: oper_walk_done: ERROR: Error notifying for datastore path: /frr-interface:lib/interface[name="dummy0"]/state: generic error
2026/07/14 16:06:28 ZEBRA: [YKHB9-ND03T] BE-client: msg_conn_send_msg: can't send message on closed connection
2026/07/14 16:06:28 ZEBRA: [GK6BW-E28RD] NB_OP_CHANGE: oper_walk_done: ERROR: Error sending notification message for path: /frr-interface:lib/interface[name="dummy0"]/state
2026/07/14 16:06:28 ZEBRA: [X0ASY-1BHSQ] NB_OP_CHANGE: oper_walk_done: ERROR: Error notifying for datastore path: /frr-interface:lib/interface[name="dummy0"]/state: generic error
2026/07/14 16:06:28 ZEBRA: [YKHB9-ND03T] BE-client: msg_conn_send_msg: can't send message on closed connection
2026/07/14 16:06:28 ZEBRA: [GK6BW-E28RD] NB_OP_CHANGE: oper_walk_done: ERROR: Error sending notification message for path: /frr-interface:lib/interface[name="dummy0"]/state
2026/07/14 16:06:28 ZEBRA: [X0ASY-1BHSQ] NB_OP_CHANGE: oper_walk_done: ERROR: Error notifying for datastore path: /frr-interface:lib/interface[name="dummy0"]/state: generic error
2026/07/14 16:06:28 ZEBRA: [YKHB9-ND03T] BE-client: msg_conn_send_msg: can't send message on closed connection
2026/07/14 16:06:28 ZEBRA: [GK6BW-E28RD] NB_OP_CHANGE: oper_walk_done: ERROR: Error sending notification message for path: /frr-interface:lib/interface[name="dummy0"]/state
2026/07/14 16:06:28 ZEBRA: [X0ASY-1BHSQ] NB_OP_CHANGE: oper_walk_done: ERROR: Error notifying for datastore path: /frr-interface:lib/interface[name="dummy0"]/state: generic error
2026/07/14 16:06:28 ZEBRA: [YKHB9-ND03T] BE-client: msg_conn_send_msg: can't send message on closed connection
2026/07/14 16:06:28 ZEBRA: [GK6BW-E28RD] NB_OP_CHANGE: oper_walk_done: ERROR: Error sending notification message for path: /frr-interface:lib/interface[name="dummy0"]/state
2026/07/14 16:06:28 ZEBRA: [X0ASY-1BHSQ] NB_OP_CHANGE: oper_walk_done: ERROR: Error notifying for datastore path: /frr-interface:lib/interface[name="dummy0"]/state: generic error
2026/07/14 16:06:28 ZEBRA: [YKHB9-ND03T] BE-client: msg_conn_send_msg: can't send message on closed connection
2026/07/14 16:06:28 ZEBRA: [GK6BW-E28RD] NB_OP_CHANGE: oper_walk_done: ERROR: Error sending notification message for path: /frr-interface:lib/interface[name="dummy0"]/state
2026/07/14 16:06:28 ZEBRA: [X0ASY-1BHSQ] NB_OP_CHANGE: oper_walk_done: ERROR: Error notifying for datastore path: /frr-interface:lib/interface[name="dummy0"]/state: generic error
2026/07/14 16:06:28 ZEBRA: [YKHB9-ND03T] BE-client: msg_conn_send_msg: can't send message on closed connection
2026/07/14 16:06:28 ZEBRA: [GK6BW-E28RD] NB_OP_CHANGE: oper_walk_done: ERROR: Error sending notification message for path: /frr-interface:lib/interface[name="dummy0"]/state
2026/07/14 16:06:28 ZEBRA: [X0ASY-1BHSQ] NB_OP_CHANGE: oper_walk_done: ERROR: Error notifying for datastore path: /frr-interface:lib/interface[name="dummy0"]/state: generic error
2026/07/14 16:06:28 ZEBRA: [YKHB9-ND03T] BE-client: msg_conn_send_msg: can't send message on closed connection
2026/07/14 16:06:28 ZEBRA: [GK6BW-E28RD] NB_OP_CHANGE: oper_walk_done: ERROR: Error sending notification message for path: /frr-interface:lib/interface[name="dummy0"]/state
2026/07/14 16:06:28 ZEBRA: [X0ASY-1BHSQ] NB_OP_CHANGE: oper_walk_done: ERROR: Error notifying for datastore path: /frr-interface:lib/interface[name="dummy0"]/state: generic error
2026/07/14 16:06:28 ZEBRA: [YKHB9-ND03T] BE-client: msg_conn_send_msg: can't send message on closed connection
2026/07/14 16:06:28 ZEBRA: [GK6BW-E28RD] NB_OP_CHANGE: oper_walk_done: ERROR: Error sending notification message for path: /frr-interface:lib/interface[name="dummy0"]/state
2026/07/14 16:06:28 ZEBRA: [X0ASY-1BHSQ] NB_OP_CHANGE: oper_walk_done: ERROR: Error notifying for datastore path: /frr-interface:lib/interface[name="dummy0"]/state: generic error
2026/07/14 16:06:28 ZEBRA: [YKHB9-ND03T] BE-client: msg_conn_send_msg: can't send message on closed connection
2026/07/14 16:06:28 ZEBRA: [GK6BW-E28RD] NB_OP_CHANGE: oper_walk_done: ERROR: Error sending notification message for path: /frr-interface:lib/interface[name="dummy0"]/state
2026/07/14 16:06:28 ZEBRA: [X0ASY-1BHSQ] NB_OP_CHANGE: oper_walk_done: ERROR: Error notifying for datastore path: /frr-interface:lib/interface[name="dummy0"]/state: generic error
2026/07/14 16:06:28 ZEBRA: [YKHB9-ND03T] BE-client: msg_conn_send_msg: can't send message on closed connection
2026/07/14 16:06:28 ZEBRA: [GK6BW-E28RD] NB_OP_CHANGE: oper_walk_done: ERROR: Error sending notification message for path: /frr-interface:lib/interface[name="dummy0"]/state
2026/07/14 16:06:28 ZEBRA: [X0ASY-1BHSQ] NB_OP_CHANGE: oper_walk_done: ERROR: Error notifying for datastore path: /frr-interface:lib/interface[name="dummy0"]/state: generic error
2026/07/14 16:06:28 ZEBRA: [YKHB9-ND03T] BE-client: msg_conn_send_msg: can't send message on closed connection
2026/07/14 16:06:28 ZEBRA: [GK6BW-E28RD] NB_OP_CHANGE: oper_walk_done: ERROR: Error sending notification message for path: /frr-interface:lib/interface[name="dummy0"]/state
2026/07/14 16:06:28 ZEBRA: [X0ASY-1BHSQ] NB_OP_CHANGE: oper_walk_done: ERROR: Error notifying for datastore path: /frr-interface:lib/interface[name="dummy0"]/state: generic error
2026/07/14 16:06:28 ZEBRA: [YKHB9-ND03T] BE-client: msg_conn_send_msg: can't send message on closed connection
2026/07/14 16:06:28 ZEBRA: [GK6BW-E28RD] NB_OP_CHANGE: oper_walk_done: ERROR: Error sending notification message for path: /frr-interface:lib/interface[name="dummy0"]/state
2026/07/14 16:06:28 ZEBRA: [X0ASY-1BHSQ] NB_OP_CHANGE: oper_walk_done: ERROR: Error notifying for datastore path: /frr-interface:lib/interface[name="dummy0"]/state: generic error
2026/07/14 16:06:28 ZEBRA: [YKHB9-ND03T] BE-client: msg_conn_send_msg: can't send message on closed connection
2026/07/14 16:06:28 ZEBRA: [GK6BW-E28RD] NB_OP_CHANGE: oper_walk_done: ERROR: Error sending notification message for path: /frr-interface:lib/interface[name="dummy0"]/state
2026/07/14 16:06:28 ZEBRA: [X0ASY-1BHSQ] NB_OP_CHANGE: oper_walk_done: ERROR: Error notifying for datastore path: /frr-interface:lib/interface[name="dummy0"]/state: generic error
2026/07/14 16:06:28 ZEBRA: [YKHB9-ND03T] BE-client: msg_conn_send_msg: can't send message on closed connection
2026/07/14 16:06:28 ZEBRA: [GK6BW-E28RD] NB_OP_CHANGE: oper_walk_done: ERROR: Error sending notification message for path: /frr-interface:lib/interface[name="dummy0"]/state
2026/07/14 16:06:28 ZEBRA: [X0ASY-1BHSQ] NB_OP_CHANGE: oper_walk_done: ERROR: Error notifying for datastore path: /frr-interface:lib/interface[name="dummy0"]/state: generic error
2026/07/14 16:06:28 ZEBRA: [YKHB9-ND03T] BE-client: msg_conn_send_msg: can't send message on closed connection
2026/07/14 16:06:28 ZEBRA: [GK6BW-E28RD] NB_OP_CHANGE: oper_walk_done: ERROR: Error sending notification message for path: /frr-interface:lib/interface[name="dummy0"]/state
2026/07/14 16:06:28 ZEBRA: [X0ASY-1BHSQ] NB_OP_CHANGE: oper_walk_done: ERROR: Error notifying for datastore path: /frr-interface:lib/interface[name="dummy0"]/state: generic error
2026/07/14 16:06:28 ZEBRA: [YKHB9-ND03T] BE-client: msg_conn_send_msg: can't send message on closed connection
2026/07/14 16:06:28 ZEBRA: [GK6BW-E28RD] NB_OP_CHANGE: oper_walk_done: ERROR: Error sending notification message for path: /frr-interface:lib/interface[name="dummy0"]/state
2026/07/14 16:06:28 ZEBRA: [X0ASY-1BHSQ] NB_OP_CHANGE: oper_walk_done: ERROR: Error notifying for datastore path: /frr-interface:lib/interface[name="dummy0"]/state: generic error
2026/07/14 16:06:28 ZEBRA: [YKHB9-ND03T] BE-client: msg_conn_send_msg: can't send message on closed connection
2026/07/14 16:06:28 ZEBRA: [GK6BW-E28RD] NB_OP_CHANGE: oper_walk_done: ERROR: Error sending notification message for path: /frr-interface:lib/interface[name="dummy0"]/state
2026/07/14 16:06:28 ZEBRA: [X0ASY-1BHSQ] NB_OP_CHANGE: oper_walk_done: ERROR: Error notifying for datastore path: /frr-interface:lib/interface[name="dummy0"]/state: generic error
2026/07/14 16:06:28 ZEBRA: [YKHB9-ND03T] BE-client: msg_conn_send_msg: can't send message on closed connection
2026/07/14 16:06:28 ZEBRA: [GK6BW-E28RD] NB_OP_CHANGE: oper_walk_done: ERROR: Error sending notification message for path: /frr-interface:lib/interface[name="dummy0"]/state
2026/07/14 16:06:28 ZEBRA: [X0ASY-1BHSQ] NB_OP_CHANGE: oper_walk_done: ERROR: Error notifying for datastore path: /frr-interface:lib/interface[name="dummy0"]/state: generic error
2026/07/14 16:06:28 ZEBRA: [YKHB9-ND03T] BE-client: msg_conn_send_msg: can't send message on closed connection
2026/07/14 16:06:28 ZEBRA: [GK6BW-E28RD] NB_OP_CHANGE: oper_walk_done: ERROR: Error sending notification message for path: /frr-interface:lib/interface[name="dummy0"]/state
2026/07/14 16:06:28 ZEBRA: [X0ASY-1BHSQ] NB_OP_CHANGE: oper_walk_done: ERROR: Error notifying for datastore path: /frr-interface:lib/interface[name="dummy0"]/state: generic error
2026/07/14 16:06:28 ZEBRA: [YKHB9-ND03T] BE-client: msg_conn_send_msg: can't send message on closed connection
2026/07/14 16:06:28 ZEBRA: [GK6BW-E28RD] NB_OP_CHANGE: oper_walk_done: ERROR: Error sending notification message for path: /frr-interface:lib/interface[name="dummy0"]/state
2026/07/14 16:06:28 ZEBRA: [X0ASY-1BHSQ] NB_OP_CHANGE: oper_walk_done: ERROR: Error notifying for datastore path: /frr-interface:lib/interface[name="dummy0"]/state: generic error
2026/07/14 16:06:28 ZEBRA: [YKHB9-ND03T] BE-client: msg_conn_send_msg: can't send message on closed connection
2026/07/14 16:06:28 ZEBRA: [GK6BW-E28RD] NB_OP_CHANGE: oper_walk_done: ERROR: Error sending notification message for path: /frr-interface:lib/interface[name="dummy0"]/state
2026/07/14 16:06:28 ZEBRA: [X0ASY-1BHSQ] NB_OP_CHANGE: oper_walk_done: ERROR: Error notifying for datastore path: /frr-interface:lib/interface[name="dummy0"]/state: generic error
2026/07/14 16:06:28 ZEBRA: [YKHB9-ND03T] BE-client: msg_conn_send_msg: can't send message on closed connection
2026/07/14 16:06:28 ZEBRA: [GK6BW-E28RD] NB_OP_CHANGE: oper_walk_done: ERROR: Error sending notification message for path: /frr-interface:lib/interface[name="dummy0"]/state
2026/07/14 16:06:28 ZEBRA: [X0ASY-1BHSQ] NB_OP_CHANGE: oper_walk_done: ERROR: Error notifying for datastore path: /frr-interface:lib/interface[name="dummy0"]/state: generic error
2026/07/14 16:06:28 ZEBRA: [YKHB9-ND03T] BE-client: msg_conn_send_msg: can't send message on closed connection
2026/07/14 16:06:28 ZEBRA: [GK6BW-E28RD] NB_OP_CHANGE: oper_walk_done: ERROR: Error sending notification message for path: /frr-interface:lib/interface[name="dummy0"]/state
2026/07/14 16:06:28 ZEBRA: [X0ASY-1BHSQ] NB_OP_CHANGE: oper_walk_done: ERROR: Error notifying for datastore path: /frr-interface:lib/interface[name="dummy0"]/state: generic error
2026/07/14 16:06:28 ZEBRA: [YKHB9-ND03T] BE-client: msg_conn_send_msg: can't send message on closed connection
2026/07/14 16:06:28 ZEBRA: [GK6BW-E28RD] NB_OP_CHANGE: oper_walk_done: ERROR: Error sending notification message for path: /frr-interface:lib/interface[name="dummy0"]/state
2026/07/14 16:06:28 ZEBRA: [X0ASY-1BHSQ] NB_OP_CHANGE: oper_walk_done: ERROR: Error notifying for datastore path: /frr-interface:lib/interface[name="dummy0"]/state: generic error
2026/07/14 16:06:28 ZEBRA: [YKHB9-ND03T] BE-client: msg_conn_send_msg: can't send message on closed connection
2026/07/14 16:06:28 ZEBRA: [GK6BW-E28RD] NB_OP_CHANGE: oper_walk_done: ERROR: Error sending notification message for path: /frr-interface:lib/interface[name="dummy0"]/state
2026/07/14 16:06:28 ZEBRA: [X0ASY-1BHSQ] NB_OP_CHANGE: oper_walk_done: ERROR: Error notifying for datastore path: /frr-interface:lib/interface[name="dummy0"]/state: generic error
2026/07/14 16:06:28 ZEBRA: [YKHB9-ND03T] BE-client: msg_conn_send_msg: can't send message on closed connection
2026/07/14 16:06:28 ZEBRA: [GK6BW-E28RD] NB_OP_CHANGE: oper_walk_done: ERROR: Error sending notification message for path: /frr-interface:lib/interface[name="dummy0"]/state
2026/07/14 16:06:28 ZEBRA: [X0ASY-1BHSQ] NB_OP_CHANGE: oper_walk_done: ERROR: Error notifying for datastore path: /frr-interface:lib/interface[name="dummy0"]/state: generic error
2026/07/14 16:06:28 ZEBRA: [YKHB9-ND03T] BE-client: msg_conn_send_msg: can't send message on closed connection
2026/07/14 16:06:28 ZEBRA: [GK6BW-E28RD] NB_OP_CHANGE: oper_walk_done: ERROR: Error sending notification message for path: /frr-interface:lib/interface[name="dummy0"]/state
2026/07/14 16:06:28 ZEBRA: [X0ASY-1BHSQ] NB_OP_CHANGE: oper_walk_done: ERROR: Error notifying for datastore path: /frr-interface:lib/interface[name="dummy0"]/state: generic error
2026/07/14 16:06:28 ZEBRA: [YKHB9-ND03T] BE-client: msg_conn_send_msg: can't send message on closed connection
2026/07/14 16:06:28 ZEBRA: [GK6BW-E28RD] NB_OP_CHANGE: oper_walk_done: ERROR: Error sending notification message for path: /frr-interface:lib/interface[name="dummy0"]/state
2026/07/14 16:06:28 ZEBRA: [X0ASY-1BHSQ] NB_OP_CHANGE: oper_walk_done: ERROR: Error notifying for datastore path: /frr-interface:lib/interface[name="dummy0"]/state: generic error
2026/07/14 16:06:28 ZEBRA: [YKHB9-ND03T] BE-client: msg_conn_send_msg: can't send message on closed connection
2026/07/14 16:06:28 ZEBRA: [GK6BW-E28RD] NB_OP_CHANGE: oper_walk_done: ERROR: Error sending notification message for path: /frr-interface:lib/interface[name="dummy0"]/state
2026/07/14 16:06:28 ZEBRA: [X0ASY-1BHSQ] NB_OP_CHANGE: oper_walk_done: ERROR: Error notifying for datastore path: /frr-interface:lib/interface[name="dummy0"]/state: generic error
2026/07/14 16:06:28 ZEBRA: [YKHB9-ND03T] BE-client: msg_conn_send_msg: can't send message on closed connection
2026/07/14 16:06:28 ZEBRA: [GK6BW-E28RD] NB_OP_CHANGE: oper_walk_done: ERROR: Error sending notification message for path: /frr-interface:lib/interface[name="dummy0"]/state
2026/07/14 16:06:28 ZEBRA: [X0ASY-1BHSQ] NB_OP_CHANGE: oper_walk_done: ERROR: Error notifying for datastore path: /frr-interface:lib/interface[name="dummy0"]/state: generic error
2026/07/14 16:06:28 ZEBRA: [YKHB9-ND03T] BE-client: msg_conn_send_msg: can't send message on closed connection
2026/07/14 16:06:28 ZEBRA: [GK6BW-E28RD] NB_OP_CHANGE: oper_walk_done: ERROR: Error sending notification message for path: /frr-interface:lib/interface[name="dummy0"]/state
2026/07/14 16:06:28 ZEBRA: [X0ASY-1BHSQ] NB_OP_CHANGE: oper_walk_done: ERROR: Error notifying for datastore path: /frr-interface:lib/interface[name="dummy0"]/state: generic error
2026/07/14 16:06:28 ZEBRA: [YKHB9-ND03T] BE-client: msg_conn_send_msg: can't send message on closed connection
2026/07/14 16:06:28 ZEBRA: [GK6BW-E28RD] NB_OP_CHANGE: oper_walk_done: ERROR: Error sending notification message for path: /frr-interface:lib/interface[name="dummy0"]/state
2026/07/14 16:06:28 ZEBRA: [X0ASY-1BHSQ] NB_OP_CHANGE: oper_walk_done: ERROR: Error notifying for datastore path: /frr-interface:lib/interface[name="dummy0"]/state: generic error
2026/07/14 16:06:28 ZEBRA: [YKHB9-ND03T] BE-client: msg_conn_send_msg: can't send message on closed connection
2026/07/14 16:06:28 ZEBRA: [GK6BW-E28RD] NB_OP_CHANGE: oper_walk_done: ERROR: Error sending notification message for path: /frr-interface:lib/interface[name="dummy0"]/state
2026/07/14 16:06:28 ZEBRA: [X0ASY-1BHSQ] NB_OP_CHANGE: oper_walk_done: ERROR: Error notifying for datastore path: /frr-interface:lib/interface[name="dummy0"]/state: generic error
2026/07/14 16:06:28 ZEBRA: [YKHB9-ND03T] BE-client: msg_conn_send_msg: can't send message on closed connection
2026/07/14 16:06:28 ZEBRA: [GK6BW-E28RD] NB_OP_CHANGE: oper_walk_done: ERROR: Error sending notification message for path: /frr-interface:lib/interface[name="dummy0"]/state
2026/07/14 16:06:28 ZEBRA: [X0ASY-1BHSQ] NB_OP_CHANGE: oper_walk_done: ERROR: Error notifying for datastore path: /frr-interface:lib/interface[name="dummy0"]/state: generic error
2026/07/14 16:06:28 ZEBRA: [YKHB9-ND03T] BE-client: msg_conn_send_msg: can't send message on closed connection
2026/07/14 16:06:28 ZEBRA: [GK6BW-E28RD] NB_OP_CHANGE: oper_walk_done: ERROR: Error sending notification message for path: /frr-interface:lib/interface[name="dummy0"]/state
2026/07/14 16:06:28 ZEBRA: [X0ASY-1BHSQ] NB_OP_CHANGE: oper_walk_done: ERROR: Error notifying for datastore path: /frr-interface:lib/interface[name="dummy0"]/state: generic error
2026/07/14 16:06:28 ZEBRA: [YKHB9-ND03T] BE-client: msg_conn_send_msg: can't send message on closed connection
2026/07/14 16:06:28 ZEBRA: [GK6BW-E28RD] NB_OP_CHANGE: oper_walk_done: ERROR: Error sending notification message for path: /frr-interface:lib/interface[name="dummy0"]/state
2026/07/14 16:06:28 ZEBRA: [X0ASY-1BHSQ] NB_OP_CHANGE: oper_walk_done: ERROR: Error notifying for datastore path: /frr-interface:lib/interface[name="dummy0"]/state: generic error
2026/07/14 16:06:28 ZEBRA: [YKHB9-ND03T] BE-client: msg_conn_send_msg: can't send message on closed connection
2026/07/14 16:06:28 ZEBRA: [GK6BW-E28RD] NB_OP_CHANGE: oper_walk_done: ERROR: Error sending notification message for path: /frr-interface:lib/interface[name="dummy0"]/state
2026/07/14 16:06:28 ZEBRA: [X0ASY-1BHSQ] NB_OP_CHANGE: oper_walk_done: ERROR: Error notifying for datastore path: /frr-interface:lib/interface[name="dummy0"]/state: generic error
2026/07/14 16:06:28 ZEBRA: [YKHB9-ND03T] BE-client: msg_conn_send_msg: can't send message on closed connection
2026/07/14 16:06:28 ZEBRA: [GK6BW-E28RD] NB_OP_CHANGE: oper_walk_done: ERROR: Error sending notification message for path: /frr-interface:lib/interface[name="dummy0"]/state
2026/07/14 16:06:28 ZEBRA: [X0ASY-1BHSQ] NB_OP_CHANGE: oper_walk_done: ERROR: Error notifying for datastore path: /frr-interface:lib/interface[name="dummy0"]/state: generic error
2026/07/14 16:06:28 ZEBRA: [YKHB9-ND03T] BE-client: msg_conn_send_msg: can't send message on closed connection
2026/07/14 16:06:28 ZEBRA: [GK6BW-E28RD] NB_OP_CHANGE: oper_walk_done: ERROR: Error sending notification message for path: /frr-interface:lib/interface[name="dummy0"]/state
2026/07/14 16:06:28 ZEBRA: [X0ASY-1BHSQ] NB_OP_CHANGE: oper_walk_done: ERROR: Error notifying for datastore path: /frr-interface:lib/interface[name="dummy0"]/state: generic error
2026/07/14 16:06:28 ZEBRA: [YKHB9-ND03T] BE-client: msg_conn_send_msg: can't send message on closed connection
2026/07/14 16:06:28 ZEBRA: [GK6BW-E28RD] NB_OP_CHANGE: oper_walk_done: ERROR: Error sending notification message for path: /frr-interface:lib/interface[name="dummy0"]/state
2026/07/14 16:06:28 ZEBRA: [X0ASY-1BHSQ] NB_OP_CHANGE: oper_walk_done: ERROR: Error notifying for datastore path: /frr-interface:lib/interface[name="dummy0"]/state: generic error
2026/07/14 16:06:28 ZEBRA: [YKHB9-ND03T] BE-client: msg_conn_send_msg: can't send message on closed connection
2026/07/14 16:06:28 ZEBRA: [GK6BW-E28RD] NB_OP_CHANGE: oper_walk_done: ERROR: Error sending notification message for path: /frr-interface:lib/interface[name="dummy0"]/state
2026/07/14 16:06:28 ZEBRA: [X0ASY-1BHSQ] NB_OP_CHANGE: oper_walk_done: ERROR: Error notifying for datastore path: /frr-interface:lib/interface[name="dummy0"]/state: generic error
2026/07/14 16:06:28 ZEBRA: [YKHB9-ND03T] BE-client: msg_conn_send_msg: can't send message on closed connection
2026/07/14 16:06:28 ZEBRA: [GK6BW-E28RD] NB_OP_CHANGE: oper_walk_done: ERROR: Error sending notification message for path: /frr-interface:lib/interface[name="dummy0"]/state
2026/07/14 16:06:28 ZEBRA: [X0ASY-1BHSQ] NB_OP_CHANGE: oper_walk_done: ERROR: Error notifying for datastore path: /frr-interface:lib/interface[name="dummy0"]/state: generic error
2026/07/14 16:06:28 ZEBRA: [YKHB9-ND03T] BE-client: msg_conn_send_msg: can't send message on closed connection
2026/07/14 16:06:28 ZEBRA: [GK6BW-E28RD] NB_OP_CHANGE: oper_walk_done: ERROR: Error sending notification message for path: /frr-interface:lib/interface[name="dummy0"]/state
2026/07/14 16:06:28 ZEBRA: [X0ASY-1BHSQ] NB_OP_CHANGE: oper_walk_done: ERROR: Error notifying for datastore path: /frr-interface:lib/interface[name="dummy0"]/state: generic error
2026/07/14 16:06:28 ZEBRA: [YKHB9-ND03T] BE-client: msg_conn_send_msg: can't send message on closed connection
2026/07/14 16:06:28 ZEBRA: [GK6BW-E28RD] NB_OP_CHANGE: oper_walk_done: ERROR: Error sending notification message for path: /frr-interface:lib/interface[name="dummy0"]/state
2026/07/14 16:06:28 ZEBRA: [X0ASY-1BHSQ] NB_OP_CHANGE: oper_walk_done: ERROR: Error notifying for datastore path: /frr-interface:lib/interface[name="dummy0"]/state: generic error
2026/07/14 16:06:28 ZEBRA: [YKHB9-ND03T] BE-client: msg_conn_send_msg: can't send message on closed connection
2026/07/14 16:06:28 ZEBRA: [GK6BW-E28RD] NB_OP_CHANGE: oper_walk_done: ERROR: Error sending notification message for path: /frr-interface:lib/interface[name="dummy0"]/state
2026/07/14 16:06:28 ZEBRA: [X0ASY-1BHSQ] NB_OP_CHANGE: oper_walk_done: ERROR: Error notifying for datastore path: /frr-interface:lib/interface[name="dummy0"]/state: generic error
2026/07/14 16:06:28 ZEBRA: [YKHB9-ND03T] BE-client: msg_conn_send_msg: can't send message on closed connection
2026/07/14 16:06:28 ZEBRA: [GK6BW-E28RD] NB_OP_CHANGE: oper_walk_done: ERROR: Error sending notification message for path: /frr-interface:lib/interface[name="dummy0"]/state
2026/07/14 16:06:28 ZEBRA: [X0ASY-1BHSQ] NB_OP_CHANGE: oper_walk_done: ERROR: Error notifying for datastore path: /frr-interface:lib/interface[name="dummy0"]/state: generic error
2026/07/14 16:06:28 ZEBRA: [YKHB9-ND03T] BE-client: msg_conn_send_msg: can't send message on closed connection
2026/07/14 16:06:28 ZEBRA: [GK6BW-E28RD] NB_OP_CHANGE: oper_walk_done: ERROR: Error sending notification message for path: /frr-interface:lib/interface[name="dummy0"]/state
2026/07/14 16:06:28 ZEBRA: [X0ASY-1BHSQ] NB_OP_CHANGE: oper_walk_done: ERROR: Error notifying for datastore path: /frr-interface:lib/interface[name="dummy0"]/state: generic error
2026/07/14 16:06:28 ZEBRA: [YKHB9-ND03T] BE-client: msg_conn_send_msg: can't send message on closed connection
2026/07/14 16:06:28 ZEBRA: [GK6BW-E28RD] NB_OP_CHANGE: oper_walk_done: ERROR: Error sending notification message for path: /frr-interface:lib/interface[name="dummy0"]/state
2026/07/14 16:06:28 ZEBRA: [X0ASY-1BHSQ] NB_OP_CHANGE: oper_walk_done: ERROR: Error notifying for datastore path: /frr-interface:lib/interface[name="dummy0"]/state: generic error
2026/07/14 16:06:28 ZEBRA: [YKHB9-ND03T] BE-client: msg_conn_send_msg: can't send message on closed connection
2026/07/14 16:06:28 ZEBRA: [GK6BW-E28RD] NB_OP_CHANGE: oper_walk_done: ERROR: Error sending notification message for path: /frr-interface:lib/interface[name="dummy0"]/state
2026/07/14 16:06:28 ZEBRA: [X0ASY-1BHSQ] NB_OP_CHANGE: oper_walk_done: ERROR: Error notifying for datastore path: /frr-interface:lib/interface[name="dummy0"]/state: generic error
2026/07/14 16:06:28 ZEBRA: [YKHB9-ND03T] BE-client: msg_conn_send_msg: can't send message on closed connection
2026/07/14 16:06:28 ZEBRA: [GK6BW-E28RD] NB_OP_CHANGE: oper_walk_done: ERROR: Error sending notification message for path: /frr-interface:lib/interface[name="dummy0"]/state
2026/07/14 16:06:28 ZEBRA: [X0ASY-1BHSQ] NB_OP_CHANGE: oper_walk_done: ERROR: Error notifying for datastore path: /frr-interface:lib/interface[name="dummy0"]/state: generic error
2026/07/14 16:06:28 ZEBRA: [YKHB9-ND03T] BE-client: msg_conn_send_msg: can't send message on closed connection
2026/07/14 16:06:28 ZEBRA: [GK6BW-E28RD] NB_OP_CHANGE: oper_walk_done: ERROR: Error sending notification message for path: /frr-interface:lib/interface[name="dummy0"]/state
2026/07/14 16:06:28 ZEBRA: [X0ASY-1BHSQ] NB_OP_CHANGE: oper_walk_done: ERROR: Error notifying for datastore path: /frr-interface:lib/interface[name="dummy0"]/state: generic error
2026/07/14 16:06:28 ZEBRA: [YKHB9-ND03T] BE-client: msg_conn_send_msg: can't send message on closed connection
2026/07/14 16:06:28 ZEBRA: [GK6BW-E28RD] NB_OP_CHANGE: oper_walk_done: ERROR: Error sending notification message for path: /frr-interface:lib/interface[name="dummy0"]/state
2026/07/14 16:06:28 ZEBRA: [X0ASY-1BHSQ] NB_OP_CHANGE: oper_walk_done: ERROR: Error notifying for datastore path: /frr-interface:lib/interface[name="dummy0"]/state: generic error
2026/07/14 16:06:28 ZEBRA: [YKHB9-ND03T] BE-client: msg_conn_send_msg: can't send message on closed connection
2026/07/14 16:06:28 ZEBRA: [GK6BW-E28RD] NB_OP_CHANGE: oper_walk_done: ERROR: Error sending notification message for path: /frr-interface:lib/interface[name="dummy0"]/state
2026/07/14 16:06:28 ZEBRA: [X0ASY-1BHSQ] NB_OP_CHANGE: oper_walk_done: ERROR: Error notifying for datastore path: /frr-interface:lib/interface[name="dummy0"]/state: generic error
2026/07/14 16:06:28 ZEBRA: [YKHB9-ND03T] BE-client: msg_conn_send_msg: can't send message on closed connection
2026/07/14 16:06:28 ZEBRA: [GK6BW-E28RD] NB_OP_CHANGE: oper_walk_done: ERROR: Error sending notification message for path: /frr-interface:lib/interface[name="dummy0"]/state
2026/07/14 16:06:28 ZEBRA: [X0ASY-1BHSQ] NB_OP_CHANGE: oper_walk_done: ERROR: Error notifying for datastore path: /frr-interface:lib/interface[name="dummy0"]/state: generic error
2026/07/14 16:06:28 ZEBRA: [YKHB9-ND03T] BE-client: msg_conn_send_msg: can't send message on closed connection
2026/07/14 16:06:28 ZEBRA: [GK6BW-E28RD] NB_OP_CHANGE: oper_walk_done: ERROR: Error sending notification message for path: /frr-interface:lib/interface[name="dummy0"]/state
2026/07/14 16:06:28 ZEBRA: [X0ASY-1BHSQ] NB_OP_CHANGE: oper_walk_done: ERROR: Error notifying for datastore path: /frr-interface:lib/interface[name="dummy0"]/state: generic error
2026/07/14 16:06:28 ZEBRA: [YKHB9-ND03T] BE-client: msg_conn_send_msg: can't send message on closed connection
2026/07/14 16:06:28 ZEBRA: [GK6BW-E28RD] NB_OP_CHANGE: oper_walk_done: ERROR: Error sending notification message for path: /frr-interface:lib/interface[name="dummy0"]/state
2026/07/14 16:06:28 ZEBRA: [X0ASY-1BHSQ] NB_OP_CHANGE: oper_walk_done: ERROR: Error notifying for datastore path: /frr-interface:lib/interface[name="dummy0"]/state: generic error
2026/07/14 16:06:28 ZEBRA: [YKHB9-ND03T] BE-client: msg_conn_send_msg: can't send message on closed connection
2026/07/14 16:06:28 ZEBRA: [GK6BW-E28RD] NB_OP_CHANGE: oper_walk_done: ERROR: Error sending notification message for path: /frr-interface:lib/interface[name="dummy0"]/state
2026/07/14 16:06:28 ZEBRA: [X0ASY-1BHSQ] NB_OP_CHANGE: oper_walk_done: ERROR: Error notifying for datastore path: /frr-interface:lib/interface[name="dummy0"]/state: generic error
2026/07/14 16:06:28 ZEBRA: [YKHB9-ND03T] BE-client: msg_conn_send_msg: can't send message on closed connection
2026/07/14 16:06:28 ZEBRA: [GK6BW-E28RD] NB_OP_CHANGE: oper_walk_done: ERROR: Error sending notification message for path: /frr-interface:lib/interface[name="dummy0"]/state
2026/07/14 16:06:28 ZEBRA: [X0ASY-1BHSQ] NB_OP_CHANGE: oper_walk_done: ERROR: Error notifying for datastore path: /frr-interface:lib/interface[name="dummy0"]/state: generic error
2026/07/14 16:06:28 ZEBRA: [YKHB9-ND03T] BE-client: msg_conn_send_msg: can't send message on closed connection
2026/07/14 16:06:28 ZEBRA: [GK6BW-E28RD] NB_OP_CHANGE: oper_walk_done: ERROR: Error sending notification message for path: /frr-interface:lib/interface[name="dummy0"]/state
2026/07/14 16:06:28 ZEBRA: [X0ASY-1BHSQ] NB_OP_CHANGE: oper_walk_done: ERROR: Error notifying for datastore path: /frr-interface:lib/interface[name="dummy0"]/state: generic error
2026/07/14 16:06:28 ZEBRA: [YKHB9-ND03T] BE-client: msg_conn_send_msg: can't send message on closed connection
2026/07/14 16:06:28 ZEBRA: [GK6BW-E28RD] NB_OP_CHANGE: oper_walk_done: ERROR: Error sending notification message for path: /frr-interface:lib/interface[name="dummy0"]/state
2026/07/14 16:06:28 ZEBRA: [X0ASY-1BHSQ] NB_OP_CHANGE: oper_walk_done: ERROR: Error notifying for datastore path: /frr-interface:lib/interface[name="dummy0"]/state: generic error
2026/07/14 16:06:28 ZEBRA: [YKHB9-ND03T] BE-client: msg_conn_send_msg: can't send message on closed connection
2026/07/14 16:06:28 ZEBRA: [GK6BW-E28RD] NB_OP_CHANGE: oper_walk_done: ERROR: Error sending notification message for path: /frr-interface:lib/interface[name="dummy0"]/state
2026/07/14 16:06:28 ZEBRA: [X0ASY-1BHSQ] NB_OP_CHANGE: oper_walk_done: ERROR: Error notifying for datastore path: /frr-interface:lib/interface[name="dummy0"]/state: generic error
2026/07/14 16:06:28 ZEBRA: [YKHB9-ND03T] BE-client: msg_conn_send_msg: can't send message on closed connection
2026/07/14 16:06:28 ZEBRA: [GK6BW-E28RD] NB_OP_CHANGE: oper_walk_done: ERROR: Error sending notification message for path: /frr-interface:lib/interface[name="dummy0"]/state
2026/07/14 16:06:28 ZEBRA: [X0ASY-1BHSQ] NB_OP_CHANGE: oper_walk_done: ERROR: Error notifying for datastore path: /frr-interface:lib/interface[name="dummy0"]/state: generic error
2026/07/14 16:06:28 ZEBRA: [YKHB9-ND03T] BE-client: msg_conn_send_msg: can't send message on closed connection
2026/07/14 16:06:28 ZEBRA: [GK6BW-E28RD] NB_OP_CHANGE: oper_walk_done: ERROR: Error sending notification message for path: /frr-interface:lib/interface[name="dummy0"]/state
2026/07/14 16:06:28 ZEBRA: [X0ASY-1BHSQ] NB_OP_CHANGE: oper_walk_done: ERROR: Error notifying for datastore path: /frr-interface:lib/interface[name="dummy0"]/state: generic error
2026/07/14 16:06:28 ZEBRA: [YKHB9-ND03T] BE-client: msg_conn_send_msg: can't send message on closed connection
2026/07/14 16:06:28 ZEBRA: [GK6BW-E28RD] NB_OP_CHANGE: oper_walk_done: ERROR: Error sending notification message for path: /frr-interface:lib/interface[name="dummy0"]/state
2026/07/14 16:06:28 ZEBRA: [X0ASY-1BHSQ] NB_OP_CHANGE: oper_walk_done: ERROR: Error notifying for datastore path: /frr-interface:lib/interface[name="dummy0"]/state: generic error
2026/07/14 16:06:28 ZEBRA: [YKHB9-ND03T] BE-client: msg_conn_send_msg: can't send message on closed connection
2026/07/14 16:06:28 ZEBRA: [GK6BW-E28RD] NB_OP_CHANGE: oper_walk_done: ERROR: Error sending notification message for path: /frr-interface:lib/interface[name="dummy0"]/state
2026/07/14 16:06:28 ZEBRA: [X0ASY-1BHSQ] NB_OP_CHANGE: oper_walk_done: ERROR: Error notifying for datastore path: /frr-interface:lib/interface[name="dummy0"]/state: generic error
2026/07/14 16:06:28 ZEBRA: [YKHB9-ND03T] BE-client: msg_conn_send_msg: can't send message on closed connection
2026/07/14 16:06:28 ZEBRA: [GK6BW-E28RD] NB_OP_CHANGE: oper_walk_done: ERROR: Error sending notification message for path: /frr-interface:lib/interface[name="dummy0"]/state
2026/07/14 16:06:28 ZEBRA: [X0ASY-1BHSQ] NB_OP_CHANGE: oper_walk_done: ERROR: Error notifying for datastore path: /frr-interface:lib/interface[name="dummy0"]/state: generic error
2026/07/14 16:06:28 ZEBRA: [YKHB9-ND03T] BE-client: msg_conn_send_msg: can't send message on closed connection
2026/07/14 16:06:28 ZEBRA: [GK6BW-E28RD] NB_OP_CHANGE: oper_walk_done: ERROR: Error sending notification message for path: /frr-interface:lib/interface[name="dummy0"]/state
2026/07/14 16:06:28 ZEBRA: [X0ASY-1BHSQ] NB_OP_CHANGE: oper_walk_done: ERROR: Error notifying for datastore path: /frr-interface:lib/interface[name="dummy0"]/state: generic error
2026/07/14 16:06:28 ZEBRA: [YKHB9-ND03T] BE-client: msg_conn_send_msg: can't send message on closed connection
2026/07/14 16:06:28 ZEBRA: [GK6BW-E28RD] NB_OP_CHANGE: oper_walk_done: ERROR: Error sending notification message for path: /frr-interface:lib/interface[name="dummy0"]/state
2026/07/14 16:06:28 ZEBRA: [X0ASY-1BHSQ] NB_OP_CHANGE: oper_walk_done: ERROR: Error notifying for datastore path: /frr-interface:lib/interface[name="dummy0"]/state: generic error
2026/07/14 16:06:28 ZEBRA: [YKHB9-ND03T] BE-client: msg_conn_send_msg: can't send message on closed connection
2026/07/14 16:06:28 ZEBRA: [GK6BW-E28RD] NB_OP_CHANGE: oper_walk_done: ERROR: Error sending notification message for path: /frr-interface:lib/interface[name="dummy0"]/state
2026/07/14 16:06:28 ZEBRA: [X0ASY-1BHSQ] NB_OP_CHANGE: oper_walk_done: ERROR: Error notifying for datastore path: /frr-interface:lib/interface[name="dummy0"]/state: generic error
2026/07/14 16:06:28 ZEBRA: [YKHB9-ND03T] BE-client: msg_conn_send_msg: can't send message on closed connection
2026/07/14 16:06:28 ZEBRA: [GK6BW-E28RD] NB_OP_CHANGE: oper_walk_done: ERROR: Error sending notification message for path: /frr-interface:lib/interface[name="dummy0"]/state
2026/07/14 16:06:28 ZEBRA: [X0ASY-1BHSQ] NB_OP_CHANGE: oper_walk_done: ERROR: Error notifying for datastore path: /frr-interface:lib/interface[name="dummy0"]/state: generic error
2026/07/14 16:06:28 ZEBRA: [YKHB9-ND03T] BE-client: msg_conn_send_msg: can't send message on closed connection
2026/07/14 16:06:28 ZEBRA: [GK6BW-E28RD] NB_OP_CHANGE: oper_walk_done: ERROR: Error sending notification message for path: /frr-interface:lib/interface[name="dummy0"]/state
2026/07/14 16:06:28 ZEBRA: [X0ASY-1BHSQ] NB_OP_CHANGE: oper_walk_done: ERROR: Error notifying for datastore path: /frr-interface:lib/interface[name="dummy0"]/state: generic error
2026/07/14 16:06:28 ZEBRA: [YKHB9-ND03T] BE-client: msg_conn_send_msg: can't send message on closed connection
2026/07/14 16:06:28 ZEBRA: [GK6BW-E28RD] NB_OP_CHANGE: oper_walk_done: ERROR: Error sending notification message for path: /frr-interface:lib/interface[name="dummy0"]/state
2026/07/14 16:06:28 ZEBRA: [X0ASY-1BHSQ] NB_OP_CHANGE: oper_walk_done: ERROR: Error notifying for datastore path: /frr-interface:lib/interface[name="dummy0"]/state: generic error
2026/07/14 16:06:28 ZEBRA: [YKHB9-ND03T] BE-client: msg_conn_send_msg: can't send message on closed connection
2026/07/14 16:06:28 ZEBRA: [GK6BW-E28RD] NB_OP_CHANGE: oper_walk_done: ERROR: Error sending notification message for path: /frr-interface:lib/interface[name="dummy0"]/state
2026/07/14 16:06:28 ZEBRA: [X0ASY-1BHSQ] NB_OP_CHANGE: oper_walk_done: ERROR: Error notifying for datastore path: /frr-interface:lib/interface[name="dummy0"]/state: generic error
2026/07/14 16:06:28 ZEBRA: [YKHB9-ND03T] BE-client: msg_conn_send_msg: can't send message on closed connection
2026/07/14 16:06:28 ZEBRA: [GK6BW-E28RD] NB_OP_CHANGE: oper_walk_done: ERROR: Error sending notification message for path: /frr-interface:lib/interface[name="dummy0"]/state
2026/07/14 16:06:28 ZEBRA: [X0ASY-1BHSQ] NB_OP_CHANGE: oper_walk_done: ERROR: Error notifying for datastore path: /frr-interface:lib/interface[name="dummy0"]/state: generic error
2026/07/14 16:06:28 ZEBRA: [YKHB9-ND03T] BE-client: msg_conn_send_msg: can't send message on closed connection
2026/07/14 16:06:28 ZEBRA: [GK6BW-E28RD] NB_OP_CHANGE: oper_walk_done: ERROR: Error sending notification message for path: /frr-interface:lib/interface[name="dummy0"]/state
2026/07/14 16:06:28 ZEBRA: [X0ASY-1BHSQ] NB_OP_CHANGE: oper_walk_done: ERROR: Error notifying for datastore path: /frr-interface:lib/interface[name="dummy0"]/state: generic error
2026/07/14 16:06:28 ZEBRA: [YKHB9-ND03T] BE-client: msg_conn_send_msg: can't send message on closed connection
2026/07/14 16:06:28 ZEBRA: [GK6BW-E28RD] NB_OP_CHANGE: oper_walk_done: ERROR: Error sending notification message for path: /frr-interface:lib/interface[name="dummy0"]/state
2026/07/14 16:06:28 ZEBRA: [X0ASY-1BHSQ] NB_OP_CHANGE: oper_walk_done: ERROR: Error notifying for datastore path: /frr-interface:lib/interface[name="dummy0"]/state: generic error
2026/07/14 16:06:28 ZEBRA: [YKHB9-ND03T] BE-client: msg_conn_send_msg: can't send message on closed connection
2026/07/14 16:06:28 ZEBRA: [GK6BW-E28RD] NB_OP_CHANGE: oper_walk_done: ERROR: Error sending notification message for path: /frr-interface:lib/interface[name="dummy0"]/state
2026/07/14 16:06:28 ZEBRA: [X0ASY-1BHSQ] NB_OP_CHANGE: oper_walk_done: ERROR: Error notifying for datastore path: /frr-interface:lib/interface[name="dummy0"]/state: generic error
2026/07/14 16:06:28 ZEBRA: [YKHB9-ND03T] BE-client: msg_conn_send_msg: can't send message on closed connection
2026/07/14 16:06:28 ZEBRA: [GK6BW-E28RD] NB_OP_CHANGE: oper_walk_done: ERROR: Error sending notification message for path: /frr-interface:lib/interface[name="dummy0"]/state
2026/07/14 16:06:28 ZEBRA: [X0ASY-1BHSQ] NB_OP_CHANGE: oper_walk_done: ERROR: Error notifying for datastore path: /frr-interface:lib/interface[name="dummy0"]/state: generic error
2026/07/14 16:06:28 ZEBRA: [YKHB9-ND03T] BE-client: msg_conn_send_msg: can't send message on closed connection
2026/07/14 16:06:28 ZEBRA: [GK6BW-E28RD] NB_OP_CHANGE: oper_walk_done: ERROR: Error sending notification message for path: /frr-interface:lib/interface[name="dummy0"]/state
2026/07/14 16:06:28 ZEBRA: [X0ASY-1BHSQ] NB_OP_CHANGE: oper_walk_done: ERROR: Error notifying for datastore path: /frr-interface:lib/interface[name="dummy0"]/state: generic error
2026/07/14 16:06:28 ZEBRA: [YKHB9-ND03T] BE-client: msg_conn_send_msg: can't send message on closed connection
2026/07/14 16:06:28 ZEBRA: [GK6BW-E28RD] NB_OP_CHANGE: oper_walk_done: ERROR: Error sending notification message for path: /frr-interface:lib/interface[name="dummy0"]/state
2026/07/14 16:06:28 ZEBRA: [X0ASY-1BHSQ] NB_OP_CHANGE: oper_walk_done: ERROR: Error notifying for datastore path: /frr-interface:lib/interface[name="dummy0"]/state: generic error
2026/07/14 16:06:28 ZEBRA: [YKHB9-ND03T] BE-client: msg_conn_send_msg: can't send message on closed connection
2026/07/14 16:06:28 ZEBRA: [GK6BW-E28RD] NB_OP_CHANGE: oper_walk_done: ERROR: Error sending notification message for path: /frr-interface:lib/interface[name="dummy0"]/state
2026/07/14 16:06:28 ZEBRA: [X0ASY-1BHSQ] NB_OP_CHANGE: oper_walk_done: ERROR: Error notifying for datastore path: /frr-interface:lib/interface[name="dummy0"]/state: generic error
2026/07/14 16:06:28 ZEBRA: [YKHB9-ND03T] BE-client: msg_conn_send_msg: can't send message on closed connection
2026/07/14 16:06:28 ZEBRA: [GK6BW-E28RD] NB_OP_CHANGE: oper_walk_done: ERROR: Error sending notification message for path: /frr-interface:lib/interface[name="dummy0"]/state
2026/07/14 16:06:28 ZEBRA: [X0ASY-1BHSQ] NB_OP_CHANGE: oper_walk_done: ERROR: Error notifying for datastore path: /frr-interface:lib/interface[name="dummy0"]/state: generic error
2026/07/14 16:06:28 ZEBRA: [YKHB9-ND03T] BE-client: msg_conn_send_msg: can't send message on closed connection
2026/07/14 16:06:28 ZEBRA: [GK6BW-E28RD] NB_OP_CHANGE: oper_walk_done: ERROR: Error sending notification message for path: /frr-interface:lib/interface[name="dummy0"]/state
2026/07/14 16:06:28 ZEBRA: [X0ASY-1BHSQ] NB_OP_CHANGE: oper_walk_done: ERROR: Error notifying for datastore path: /frr-interface:lib/interface[name="dummy0"]/state: generic error
2026/07/14 16:06:28 ZEBRA: [YKHB9-ND03T] BE-client: msg_conn_send_msg: can't send message on closed connection
2026/07/14 16:06:28 ZEBRA: [GK6BW-E28RD] NB_OP_CHANGE: oper_walk_done: ERROR: Error sending notification message for path: /frr-interface:lib/interface[name="dummy0"]/state
2026/07/14 16:06:28 ZEBRA: [X0ASY-1BHSQ] NB_OP_CHANGE: oper_walk_done: ERROR: Error notifying for datastore path: /frr-interface:lib/interface[name="dummy0"]/state: generic error
2026/07/14 16:06:28 ZEBRA: [YKHB9-ND03T] BE-client: msg_conn_send_msg: can't send message on closed connection
2026/07/14 16:06:28 ZEBRA: [GK6BW-E28RD] NB_OP_CHANGE: oper_walk_done: ERROR: Error sending notification message for path: /frr-interface:lib/interface[name="dummy0"]/state
2026/07/14 16:06:28 ZEBRA: [X0ASY-1BHSQ] NB_OP_CHANGE: oper_walk_done: ERROR: Error notifying for datastore path: /frr-interface:lib/interface[name="dummy0"]/state: generic error
2026/07/14 16:06:28 ZEBRA: [YKHB9-ND03T] BE-client: msg_conn_send_msg: can't send message on closed connection
2026/07/14 16:06:28 ZEBRA: [GK6BW-E28RD] NB_OP_CHANGE: oper_walk_done: ERROR: Error sending notification message for path: /frr-interface:lib/interface[name="dummy0"]/state
2026/07/14 16:06:28 ZEBRA: [X0ASY-1BHSQ] NB_OP_CHANGE: oper_walk_done: ERROR: Error notifying for datastore path: /frr-interface:lib/interface[name="dummy0"]/state: generic error
2026/07/14 16:06:28 ZEBRA: [YKHB9-ND03T] BE-client: msg_conn_send_msg: can't send message on closed connection
2026/07/14 16:06:28 ZEBRA: [GK6BW-E28RD] NB_OP_CHANGE: oper_walk_done: ERROR: Error sending notification message for path: /frr-interface:lib/interface[name="dummy0"]/state
2026/07/14 16:06:28 ZEBRA: [X0ASY-1BHSQ] NB_OP_CHANGE: oper_walk_done: ERROR: Error notifying for datastore path: /frr-interface:lib/interface[name="dummy0"]/state: generic error
2026/07/14 16:06:28 ZEBRA: [YKHB9-ND03T] BE-client: msg_conn_send_msg: can't send message on closed connection
2026/07/14 16:06:28 ZEBRA: [GK6BW-E28RD] NB_OP_CHANGE: oper_walk_done: ERROR: Error sending notification message for path: /frr-interface:lib/interface[name="dummy0"]/state
2026/07/14 16:06:28 ZEBRA: [X0ASY-1BHSQ] NB_OP_CHANGE: oper_walk_done: ERROR: Error notifying for datastore path: /frr-interface:lib/interface[name="dummy0"]/state: generic error
2026/07/14 16:06:28 ZEBRA: [YKHB9-ND03T] BE-client: msg_conn_send_msg: can't send message on closed connection
2026/07/14 16:06:28 ZEBRA: [GK6BW-E28RD] NB_OP_CHANGE: oper_walk_done: ERROR: Error sending notification message for path: /frr-interface:lib/interface[name="dummy0"]/state
2026/07/14 16:06:28 ZEBRA: [X0ASY-1BHSQ] NB_OP_CHANGE: oper_walk_done: ERROR: Error notifying for datastore path: /frr-interface:lib/interface[name="dummy0"]/state: generic error
2026/07/14 16:06:28 ZEBRA: [YKHB9-ND03T] BE-client: msg_conn_send_msg: can't send message on closed connection
2026/07/14 16:06:28 ZEBRA: [GK6BW-E28RD] NB_OP_CHANGE: oper_walk_done: ERROR: Error sending notification message for path: /frr-interface:lib/interface[name="dummy0"]/state
2026/07/14 16:06:28 ZEBRA: [X0ASY-1BHSQ] NB_OP_CHANGE: oper_walk_done: ERROR: Error notifying for datastore path: /frr-interface:lib/interface[name="dummy0"]/state: generic error
2026/07/14 16:06:28 ZEBRA: [YKHB9-ND03T] BE-client: msg_conn_send_msg: can't send message on closed connection
2026/07/14 16:06:28 ZEBRA: [GK6BW-E28RD] NB_OP_CHANGE: oper_walk_done: ERROR: Error sending notification message for path: /frr-interface:lib/interface[name="dummy0"]/state
2026/07/14 16:06:28 ZEBRA: [X0ASY-1BHSQ] NB_OP_CHANGE: oper_walk_done: ERROR: Error notifying for datastore path: /frr-interface:lib/interface[name="dummy0"]/state: generic error
2026/07/14 16:06:28 ZEBRA: [YKHB9-ND03T] BE-client: msg_conn_send_msg: can't send message on closed connection
2026/07/14 16:06:28 ZEBRA: [GK6BW-E28RD] NB_OP_CHANGE: oper_walk_done: ERROR: Error sending notification message for path: /frr-interface:lib/interface[name="dummy0"]/state
2026/07/14 16:06:28 ZEBRA: [X0ASY-1BHSQ] NB_OP_CHANGE: oper_walk_done: ERROR: Error notifying for datastore path: /frr-interface:lib/interface[name="dummy0"]/state: generic error
2026/07/14 16:06:29 ZEBRA: [YKHB9-ND03T] BE-client: msg_conn_send_msg: can't send message on closed connection
2026/07/14 16:06:29 ZEBRA: [GK6BW-E28RD] NB_OP_CHANGE: oper_walk_done: ERROR: Error sending notification message for path: /frr-interface:lib/interface[name="dummy0"]/state
2026/07/14 16:06:29 ZEBRA: [X0ASY-1BHSQ] NB_OP_CHANGE: oper_walk_done: ERROR: Error notifying for datastore path: /frr-interface:lib/interface[name="dummy0"]/state: generic error
2026/07/14 16:06:29 ZEBRA: [YKHB9-ND03T] BE-client: msg_conn_send_msg: can't send message on closed connection
2026/07/14 16:06:29 ZEBRA: [GK6BW-E28RD] NB_OP_CHANGE: oper_walk_done: ERROR: Error sending notification message for path: /frr-interface:lib/interface[name="dummy0"]/state
2026/07/14 16:06:29 ZEBRA: [X0ASY-1BHSQ] NB_OP_CHANGE: oper_walk_done: ERROR: Error notifying for datastore path: /frr-interface:lib/interface[name="dummy0"]/state: generic error
2026/07/14 16:06:29 ZEBRA: [YKHB9-ND03T] BE-client: msg_conn_send_msg: can't send message on closed connection
2026/07/14 16:06:29 ZEBRA: [GK6BW-E28RD] NB_OP_CHANGE: oper_walk_done: ERROR: Error sending notification message for path: /frr-interface:lib/interface[name="dummy0"]/state
2026/07/14 16:06:29 ZEBRA: [X0ASY-1BHSQ] NB_OP_CHANGE: oper_walk_done: ERROR: Error notifying for datastore path: /frr-interface:lib/interface[name="dummy0"]/state: generic error
2026/07/14 16:06:29 ZEBRA: [YKHB9-ND03T] BE-client: msg_conn_send_msg: can't send message on closed connection
2026/07/14 16:06:29 ZEBRA: [GK6BW-E28RD] NB_OP_CHANGE: oper_walk_done: ERROR: Error sending notification message for path: /frr-interface:lib/interface[name="dummy0"]/state
2026/07/14 16:06:29 ZEBRA: [X0ASY-1BHSQ] NB_OP_CHANGE: oper_walk_done: ERROR: Error notifying for datastore path: /frr-interface:lib/interface[name="dummy0"]/state: generic error
2026/07/14 16:06:29 ZEBRA: [YKHB9-ND03T] BE-client: msg_conn_send_msg: can't send message on closed connection
2026/07/14 16:06:29 ZEBRA: [GK6BW-E28RD] NB_OP_CHANGE: oper_walk_done: ERROR: Error sending notification message for path: /frr-interface:lib/interface[name="dummy0"]/state
2026/07/14 16:06:29 ZEBRA: [X0ASY-1BHSQ] NB_OP_CHANGE: oper_walk_done: ERROR: Error notifying for datastore path: /frr-interface:lib/interface[name="dummy0"]/state: generic error
2026/07/14 16:06:29 ZEBRA: [YKHB9-ND03T] BE-client: msg_conn_send_msg: can't send message on closed connection
2026/07/14 16:06:29 ZEBRA: [GK6BW-E28RD] NB_OP_CHANGE: oper_walk_done: ERROR: Error sending notification message for path: /frr-interface:lib/interface[name="dummy0"]/state
2026/07/14 16:06:29 ZEBRA: [X0ASY-1BHSQ] NB_OP_CHANGE: oper_walk_done: ERROR: Error notifying for datastore path: /frr-interface:lib/interface[name="dummy0"]/state: generic error
2026/07/14 16:06:29 ZEBRA: [YKHB9-ND03T] BE-client: msg_conn_send_msg: can't send message on closed connection
2026/07/14 16:06:29 ZEBRA: [GK6BW-E28RD] NB_OP_CHANGE: oper_walk_done: ERROR: Error sending notification message for path: /frr-interface:lib/interface[name="dummy0"]/state
2026/07/14 16:06:29 ZEBRA: [X0ASY-1BHSQ] NB_OP_CHANGE: oper_walk_done: ERROR: Error notifying for datastore path: /frr-interface:lib/interface[name="dummy0"]/state: generic error
2026/07/14 16:06:29 ZEBRA: [YKHB9-ND03T] BE-client: msg_conn_send_msg: can't send message on closed connection
2026/07/14 16:06:29 ZEBRA: [GK6BW-E28RD] NB_OP_CHANGE: oper_walk_done: ERROR: Error sending notification message for path: /frr-interface:lib/interface[name="dummy0"]/state
2026/07/14 16:06:29 ZEBRA: [X0ASY-1BHSQ] NB_OP_CHANGE: oper_walk_done: ERROR: Error notifying for datastore path: /frr-interface:lib/interface[name="dummy0"]/state: generic error
2026/07/14 16:06:29 ZEBRA: [YKHB9-ND03T] BE-client: msg_conn_send_msg: can't send message on closed connection
2026/07/14 16:06:29 ZEBRA: [GK6BW-E28RD] NB_OP_CHANGE: oper_walk_done: ERROR: Error sending notification message for path: /frr-interface:lib/interface[name="dummy0"]/state
2026/07/14 16:06:29 ZEBRA: [X0ASY-1BHSQ] NB_OP_CHANGE: oper_walk_done: ERROR: Error notifying for datastore path: /frr-interface:lib/interface[name="dummy0"]/state: generic error
2026/07/14 16:06:29 ZEBRA: [YKHB9-ND03T] BE-client: msg_conn_send_msg: can't send message on closed connection
2026/07/14 16:06:29 ZEBRA: [GK6BW-E28RD] NB_OP_CHANGE: oper_walk_done: ERROR: Error sending notification message for path: /frr-interface:lib/interface[name="dummy0"]/state
2026/07/14 16:06:29 ZEBRA: [X0ASY-1BHSQ] NB_OP_CHANGE: oper_walk_done: ERROR: Error notifying for datastore path: /frr-interface:lib/interface[name="dummy0"]/state: generic error
2026/07/14 16:06:29 ZEBRA: [YKHB9-ND03T] BE-client: msg_conn_send_msg: can't send message on closed connection
2026/07/14 16:06:29 ZEBRA: [GK6BW-E28RD] NB_OP_CHANGE: oper_walk_done: ERROR: Error sending notification message for path: /frr-interface:lib/interface[name="dummy0"]/state
2026/07/14 16:06:29 ZEBRA: [X0ASY-1BHSQ] NB_OP_CHANGE: oper_walk_done: ERROR: Error notifying for datastore path: /frr-interface:lib/interface[name="dummy0"]/state: generic error
2026/07/14 16:06:29 ZEBRA: [YKHB9-ND03T] BE-client: msg_conn_send_msg: can't send message on closed connection
2026/07/14 16:06:29 ZEBRA: [GK6BW-E28RD] NB_OP_CHANGE: oper_walk_done: ERROR: Error sending notification message for path: /frr-interface:lib/interface[name="dummy0"]/state
2026/07/14 16:06:29 ZEBRA: [X0ASY-1BHSQ] NB_OP_CHANGE: oper_walk_done: ERROR: Error notifying for datastore path: /frr-interface:lib/interface[name="dummy0"]/state: generic error
2026/07/14 16:06:29 ZEBRA: [YKHB9-ND03T] BE-client: msg_conn_send_msg: can't send message on closed connection
2026/07/14 16:06:29 ZEBRA: [GK6BW-E28RD] NB_OP_CHANGE: oper_walk_done: ERROR: Error sending notification message for path: /frr-interface:lib/interface[name="dummy0"]/state
2026/07/14 16:06:29 ZEBRA: [X0ASY-1BHSQ] NB_OP_CHANGE: oper_walk_done: ERROR: Error notifying for datastore path: /frr-interface:lib/interface[name="dummy0"]/state: generic error
2026/07/14 16:06:29 ZEBRA: [YKHB9-ND03T] BE-client: msg_conn_send_msg: can't send message on closed connection
2026/07/14 16:06:29 ZEBRA: [GK6BW-E28RD] NB_OP_CHANGE: oper_walk_done: ERROR: Error sending notification message for path: /frr-interface:lib/interface[name="dummy0"]/state
2026/07/14 16:06:29 ZEBRA: [X0ASY-1BHSQ] NB_OP_CHANGE: oper_walk_done: ERROR: Error notifying for datastore path: /frr-interface:lib/interface[name="dummy0"]/state: generic error
2026/07/14 16:06:29 ZEBRA: [YKHB9-ND03T] BE-client: msg_conn_send_msg: can't send message on closed connection
2026/07/14 16:06:29 ZEBRA: [GK6BW-E28RD] NB_OP_CHANGE: oper_walk_done: ERROR: Error sending notification message for path: /frr-interface:lib/interface[name="dummy0"]/state
2026/07/14 16:06:29 ZEBRA: [X0ASY-1BHSQ] NB_OP_CHANGE: oper_walk_done: ERROR: Error notifying for datastore path: /frr-interface:lib/interface[name="dummy0"]/state: generic error
2026/07/14 16:06:29 ZEBRA: [YKHB9-ND03T] BE-client: msg_conn_send_msg: can't send message on closed connection
2026/07/14 16:06:29 ZEBRA: [GK6BW-E28RD] NB_OP_CHANGE: oper_walk_done: ERROR: Error sending notification message for path: /frr-interface:lib/interface[name="dummy0"]/state
2026/07/14 16:06:29 ZEBRA: [X0ASY-1BHSQ] NB_OP_CHANGE: oper_walk_done: ERROR: Error notifying for datastore path: /frr-interface:lib/interface[name="dummy0"]/state: generic error
2026/07/14 16:06:29 ZEBRA: [YKHB9-ND03T] BE-client: msg_conn_send_msg: can't send message on closed connection
2026/07/14 16:06:29 ZEBRA: [GK6BW-E28RD] NB_OP_CHANGE: oper_walk_done: ERROR: Error sending notification message for path: /frr-interface:lib/interface[name="dummy0"]/state
2026/07/14 16:06:29 ZEBRA: [X0ASY-1BHSQ] NB_OP_CHANGE: oper_walk_done: ERROR: Error notifying for datastore path: /frr-interface:lib/interface[name="dummy0"]/state: generic error
2026/07/14 16:06:29 ZEBRA: [YKHB9-ND03T] BE-client: msg_conn_send_msg: can't send message on closed connection
2026/07/14 16:06:29 ZEBRA: [GK6BW-E28RD] NB_OP_CHANGE: oper_walk_done: ERROR: Error sending notification message for path: /frr-interface:lib/interface[name="dummy0"]/state
2026/07/14 16:06:29 ZEBRA: [X0ASY-1BHSQ] NB_OP_CHANGE: oper_walk_done: ERROR: Error notifying for datastore path: /frr-interface:lib/interface[name="dummy0"]/state: generic error
2026/07/14 16:06:29 ZEBRA: [YKHB9-ND03T] BE-client: msg_conn_send_msg: can't send message on closed connection
2026/07/14 16:06:29 ZEBRA: [GK6BW-E28RD] NB_OP_CHANGE: oper_walk_done: ERROR: Error sending notification message for path: /frr-interface:lib/interface[name="dummy0"]/state
2026/07/14 16:06:29 ZEBRA: [X0ASY-1BHSQ] NB_OP_CHANGE: oper_walk_done: ERROR: Error notifying for datastore path: /frr-interface:lib/interface[name="dummy0"]/state: generic error
2026/07/14 16:06:29 ZEBRA: [YKHB9-ND03T] BE-client: msg_conn_send_msg: can't send message on closed connection
2026/07/14 16:06:29 ZEBRA: [GK6BW-E28RD] NB_OP_CHANGE: oper_walk_done: ERROR: Error sending notification message for path: /frr-interface:lib/interface[name="dummy0"]/state
2026/07/14 16:06:29 ZEBRA: [X0ASY-1BHSQ] NB_OP_CHANGE: oper_walk_done: ERROR: Error notifying for datastore path: /frr-interface:lib/interface[name="dummy0"]/state: generic error
2026/07/14 16:06:29 ZEBRA: [YKHB9-ND03T] BE-client: msg_conn_send_msg: can't send message on closed connection
2026/07/14 16:06:29 ZEBRA: [GK6BW-E28RD] NB_OP_CHANGE: oper_walk_done: ERROR: Error sending notification message for path: /frr-interface:lib/interface[name="dummy0"]/state
2026/07/14 16:06:29 ZEBRA: [X0ASY-1BHSQ] NB_OP_CHANGE: oper_walk_done: ERROR: Error notifying for datastore path: /frr-interface:lib/interface[name="dummy0"]/state: generic error
2026/07/14 16:06:29 ZEBRA: [YKHB9-ND03T] BE-client: msg_conn_send_msg: can't send message on closed connection
2026/07/14 16:06:29 ZEBRA: [GK6BW-E28RD] NB_OP_CHANGE: oper_walk_done: ERROR: Error sending notification message for path: /frr-interface:lib/interface[name="dummy0"]/state
2026/07/14 16:06:29 ZEBRA: [X0ASY-1BHSQ] NB_OP_CHANGE: oper_walk_done: ERROR: Error notifying for datastore path: /frr-interface:lib/interface[name="dummy0"]/state: generic error
2026/07/14 16:06:29 ZEBRA: [YKHB9-ND03T] BE-client: msg_conn_send_msg: can't send message on closed connection
2026/07/14 16:06:29 ZEBRA: [GK6BW-E28RD] NB_OP_CHANGE: oper_walk_done: ERROR: Error sending notification message for path: /frr-interface:lib/interface[name="dummy0"]/state
2026/07/14 16:06:29 ZEBRA: [X0ASY-1BHSQ] NB_OP_CHANGE: oper_walk_done: ERROR: Error notifying for datastore path: /frr-interface:lib/interface[name="dummy0"]/state: generic error
2026/07/14 16:06:29 ZEBRA: [YKHB9-ND03T] BE-client: msg_conn_send_msg: can't send message on closed connection
2026/07/14 16:06:29 ZEBRA: [GK6BW-E28RD] NB_OP_CHANGE: oper_walk_done: ERROR: Error sending notification message for path: /frr-interface:lib/interface[name="dummy0"]/state
2026/07/14 16:06:29 ZEBRA: [X0ASY-1BHSQ] NB_OP_CHANGE: oper_walk_done: ERROR: Error notifying for datastore path: /frr-interface:lib/interface[name="dummy0"]/state: generic error
2026/07/14 16:06:29 ZEBRA: [YKHB9-ND03T] BE-client: msg_conn_send_msg: can't send message on closed connection
2026/07/14 16:06:29 ZEBRA: [GK6BW-E28RD] NB_OP_CHANGE: oper_walk_done: ERROR: Error sending notification message for path: /frr-interface:lib/interface[name="dummy0"]/state
2026/07/14 16:06:29 ZEBRA: [X0ASY-1BHSQ] NB_OP_CHANGE: oper_walk_done: ERROR: Error notifying for datastore path: /frr-interface:lib/interface[name="dummy0"]/state: generic error
2026/07/14 16:06:29 ZEBRA: [YKHB9-ND03T] BE-client: msg_conn_send_msg: can't send message on closed connection
2026/07/14 16:06:29 ZEBRA: [GK6BW-E28RD] NB_OP_CHANGE: oper_walk_done: ERROR: Error sending notification message for path: /frr-interface:lib/interface[name="dummy0"]/state
2026/07/14 16:06:29 ZEBRA: [X0ASY-1BHSQ] NB_OP_CHANGE: oper_walk_done: ERROR: Error notifying for datastore path: /frr-interface:lib/interface[name="dummy0"]/state: generic error
2026/07/14 16:06:29 ZEBRA: [YKHB9-ND03T] BE-client: msg_conn_send_msg: can't send message on closed connection
2026/07/14 16:06:29 ZEBRA: [GK6BW-E28RD] NB_OP_CHANGE: oper_walk_done: ERROR: Error sending notification message for path: /frr-interface:lib/interface[name="dummy0"]/state
2026/07/14 16:06:29 ZEBRA: [X0ASY-1BHSQ] NB_OP_CHANGE: oper_walk_done: ERROR: Error notifying for datastore path: /frr-interface:lib/interface[name="dummy0"]/state: generic error
2026/07/14 16:06:29 ZEBRA: [YKHB9-ND03T] BE-client: msg_conn_send_msg: can't send message on closed connection
2026/07/14 16:06:29 ZEBRA: [GK6BW-E28RD] NB_OP_CHANGE: oper_walk_done: ERROR: Error sending notification message for path: /frr-interface:lib/interface[name="dummy0"]/state
2026/07/14 16:06:29 ZEBRA: [X0ASY-1BHSQ] NB_OP_CHANGE: oper_walk_done: ERROR: Error notifying for datastore path: /frr-interface:lib/interface[name="dummy0"]/state: generic error
2026/07/14 16:06:29 ZEBRA: [YKHB9-ND03T] BE-client: msg_conn_send_msg: can't send message on closed connection
2026/07/14 16:06:29 ZEBRA: [GK6BW-E28RD] NB_OP_CHANGE: oper_walk_done: ERROR: Error sending notification message for path: /frr-interface:lib/interface[name="dummy0"]/state
2026/07/14 16:06:29 ZEBRA: [X0ASY-1BHSQ] NB_OP_CHANGE: oper_walk_done: ERROR: Error notifying for datastore path: /frr-interface:lib/interface[name="dummy0"]/state: generic error
2026/07/14 16:06:29 ZEBRA: [YKHB9-ND03T] BE-client: msg_conn_send_msg: can't send message on closed connection
2026/07/14 16:06:29 ZEBRA: [GK6BW-E28RD] NB_OP_CHANGE: oper_walk_done: ERROR: Error sending notification message for path: /frr-interface:lib/interface[name="dummy0"]/state
2026/07/14 16:06:29 ZEBRA: [X0ASY-1BHSQ] NB_OP_CHANGE: oper_walk_done: ERROR: Error notifying for datastore path: /frr-interface:lib/interface[name="dummy0"]/state: generic error
2026/07/14 16:06:29 ZEBRA: [YKHB9-ND03T] BE-client: msg_conn_send_msg: can't send message on closed connection
2026/07/14 16:06:29 ZEBRA: [GK6BW-E28RD] NB_OP_CHANGE: oper_walk_done: ERROR: Error sending notification message for path: /frr-interface:lib/interface[name="dummy0"]/state
2026/07/14 16:06:29 ZEBRA: [X0ASY-1BHSQ] NB_OP_CHANGE: oper_walk_done: ERROR: Error notifying for datastore path: /frr-interface:lib/interface[name="dummy0"]/state: generic error
2026/07/14 16:06:29 ZEBRA: [YKHB9-ND03T] BE-client: msg_conn_send_msg: can't send message on closed connection
2026/07/14 16:06:29 ZEBRA: [GK6BW-E28RD] NB_OP_CHANGE: oper_walk_done: ERROR: Error sending notification message for path: /frr-interface:lib/interface[name="dummy0"]/state
2026/07/14 16:06:29 ZEBRA: [X0ASY-1BHSQ] NB_OP_CHANGE: oper_walk_done: ERROR: Error notifying for datastore path: /frr-interface:lib/interface[name="dummy0"]/state: generic error
2026/07/14 16:06:29 ZEBRA: [YKHB9-ND03T] BE-client: msg_conn_send_msg: can't send message on closed connection
2026/07/14 16:06:29 ZEBRA: [GK6BW-E28RD] NB_OP_CHANGE: oper_walk_done: ERROR: Error sending notification message for path: /frr-interface:lib/interface[name="dummy0"]/state
2026/07/14 16:06:29 ZEBRA: [X0ASY-1BHSQ] NB_OP_CHANGE: oper_walk_done: ERROR: Error notifying for datastore path: /frr-interface:lib/interface[name="dummy0"]/state: generic error
2026/07/14 16:06:29 ZEBRA: [YKHB9-ND03T] BE-client: msg_conn_send_msg: can't send message on closed connection
2026/07/14 16:06:29 ZEBRA: [GK6BW-E28RD] NB_OP_CHANGE: oper_walk_done: ERROR: Error sending notification message for path: /frr-interface:lib/interface[name="dummy0"]/state
2026/07/14 16:06:29 ZEBRA: [X0ASY-1BHSQ] NB_OP_CHANGE: oper_walk_done: ERROR: Error notifying for datastore path: /frr-interface:lib/interface[name="dummy0"]/state: generic error
2026/07/14 16:06:29 ZEBRA: [YKHB9-ND03T] BE-client: msg_conn_send_msg: can't send message on closed connection
2026/07/14 16:06:29 ZEBRA: [GK6BW-E28RD] NB_OP_CHANGE: oper_walk_done: ERROR: Error sending notification message for path: /frr-interface:lib/interface[name="dummy0"]/state
2026/07/14 16:06:29 ZEBRA: [X0ASY-1BHSQ] NB_OP_CHANGE: oper_walk_done: ERROR: Error notifying for datastore path: /frr-interface:lib/interface[name="dummy0"]/state: generic error
2026/07/14 16:06:29 ZEBRA: [YKHB9-ND03T] BE-client: msg_conn_send_msg: can't send message on closed connection
2026/07/14 16:06:29 ZEBRA: [GK6BW-E28RD] NB_OP_CHANGE: oper_walk_done: ERROR: Error sending notification message for path: /frr-interface:lib/interface[name="dummy0"]/state
2026/07/14 16:06:29 ZEBRA: [X0ASY-1BHSQ] NB_OP_CHANGE: oper_walk_done: ERROR: Error notifying for datastore path: /frr-interface:lib/interface[name="dummy0"]/state: generic error
2026/07/14 16:06:29 ZEBRA: [YKHB9-ND03T] BE-client: msg_conn_send_msg: can't send message on closed connection
2026/07/14 16:06:29 ZEBRA: [GK6BW-E28RD] NB_OP_CHANGE: oper_walk_done: ERROR: Error sending notification message for path: /frr-interface:lib/interface[name="dummy0"]/state
2026/07/14 16:06:29 ZEBRA: [X0ASY-1BHSQ] NB_OP_CHANGE: oper_walk_done: ERROR: Error notifying for datastore path: /frr-interface:lib/interface[name="dummy0"]/state: generic error
2026/07/14 16:06:29 ZEBRA: [YKHB9-ND03T] BE-client: msg_conn_send_msg: can't send message on closed connection
2026/07/14 16:06:29 ZEBRA: [GK6BW-E28RD] NB_OP_CHANGE: oper_walk_done: ERROR: Error sending notification message for path: /frr-interface:lib/interface[name="dummy0"]/state
2026/07/14 16:06:29 ZEBRA: [X0ASY-1BHSQ] NB_OP_CHANGE: oper_walk_done: ERROR: Error notifying for datastore path: /frr-interface:lib/interface[name="dummy0"]/state: generic error
2026/07/14 16:06:29 ZEBRA: [YKHB9-ND03T] BE-client: msg_conn_send_msg: can't send message on closed connection
2026/07/14 16:06:29 ZEBRA: [GK6BW-E28RD] NB_OP_CHANGE: oper_walk_done: ERROR: Error sending notification message for path: /frr-interface:lib/interface[name="dummy0"]/state
2026/07/14 16:06:29 ZEBRA: [X0ASY-1BHSQ] NB_OP_CHANGE: oper_walk_done: ERROR: Error notifying for datastore path: /frr-interface:lib/interface[name="dummy0"]/state: generic error
2026/07/14 16:06:29 ZEBRA: [YKHB9-ND03T] BE-client: msg_conn_send_msg: can't send message on closed connection
2026/07/14 16:06:29 ZEBRA: [GK6BW-E28RD] NB_OP_CHANGE: oper_walk_done: ERROR: Error sending notification message for path: /frr-interface:lib/interface[name="dummy0"]/state
2026/07/14 16:06:29 ZEBRA: [X0ASY-1BHSQ] NB_OP_CHANGE: oper_walk_done: ERROR: Error notifying for datastore path: /frr-interface:lib/interface[name="dummy0"]/state: generic error
2026/07/14 16:06:29 ZEBRA: [YKHB9-ND03T] BE-client: msg_conn_send_msg: can't send message on closed connection
2026/07/14 16:06:29 ZEBRA: [GK6BW-E28RD] NB_OP_CHANGE: oper_walk_done: ERROR: Error sending notification message for path: /frr-interface:lib/interface[name="dummy0"]/state
2026/07/14 16:06:29 ZEBRA: [X0ASY-1BHSQ] NB_OP_CHANGE: oper_walk_done: ERROR: Error notifying for datastore path: /frr-interface:lib/interface[name="dummy0"]/state: generic error
2026/07/14 16:06:29 ZEBRA: [YKHB9-ND03T] BE-client: msg_conn_send_msg: can't send message on closed connection
2026/07/14 16:06:29 ZEBRA: [GK6BW-E28RD] NB_OP_CHANGE: oper_walk_done: ERROR: Error sending notification message for path: /frr-interface:lib/interface[name="dummy0"]/state
2026/07/14 16:06:29 ZEBRA: [X0ASY-1BHSQ] NB_OP_CHANGE: oper_walk_done: ERROR: Error notifying for datastore path: /frr-interface:lib/interface[name="dummy0"]/state: generic error
2026/07/14 16:06:29 ZEBRA: [YKHB9-ND03T] BE-client: msg_conn_send_msg: can't send message on closed connection
2026/07/14 16:06:29 ZEBRA: [GK6BW-E28RD] NB_OP_CHANGE: oper_walk_done: ERROR: Error sending notification message for path: /frr-interface:lib/interface[name="dummy0"]/state
2026/07/14 16:06:29 ZEBRA: [X0ASY-1BHSQ] NB_OP_CHANGE: oper_walk_done: ERROR: Error notifying for datastore path: /frr-interface:lib/interface[name="dummy0"]/state: generic error
2026/07/14 16:06:29 ZEBRA: [YKHB9-ND03T] BE-client: msg_conn_send_msg: can't send message on closed connection
2026/07/14 16:06:29 ZEBRA: [GK6BW-E28RD] NB_OP_CHANGE: oper_walk_done: ERROR: Error sending notification message for path: /frr-interface:lib/interface[name="dummy0"]/state
2026/07/14 16:06:29 ZEBRA: [X0ASY-1BHSQ] NB_OP_CHANGE: oper_walk_done: ERROR: Error notifying for datastore path: /frr-interface:lib/interface[name="dummy0"]/state: generic error
2026/07/14 16:06:29 ZEBRA: [YKHB9-ND03T] BE-client: msg_conn_send_msg: can't send message on closed connection
2026/07/14 16:06:29 ZEBRA: [GK6BW-E28RD] NB_OP_CHANGE: oper_walk_done: ERROR: Error sending notification message for path: /frr-interface:lib/interface[name="dummy0"]/state
2026/07/14 16:06:29 ZEBRA: [X0ASY-1BHSQ] NB_OP_CHANGE: oper_walk_done: ERROR: Error notifying for datastore path: /frr-interface:lib/interface[name="dummy0"]/state: generic error
2026/07/14 16:06:29 ZEBRA: [YKHB9-ND03T] BE-client: msg_conn_send_msg: can't send message on closed connection
2026/07/14 16:06:29 ZEBRA: [GK6BW-E28RD] NB_OP_CHANGE: oper_walk_done: ERROR: Error sending notification message for path: /frr-interface:lib/interface[name="dummy0"]/state
2026/07/14 16:06:29 ZEBRA: [X0ASY-1BHSQ] NB_OP_CHANGE: oper_walk_done: ERROR: Error notifying for datastore path: /frr-interface:lib/interface[name="dummy0"]/state: generic error
2026/07/14 16:06:29 ZEBRA: [YKHB9-ND03T] BE-client: msg_conn_send_msg: can't send message on closed connection
2026/07/14 16:06:29 ZEBRA: [GK6BW-E28RD] NB_OP_CHANGE: oper_walk_done: ERROR: Error sending notification message for path: /frr-interface:lib/interface[name="dummy0"]/state
2026/07/14 16:06:29 ZEBRA: [X0ASY-1BHSQ] NB_OP_CHANGE: oper_walk_done: ERROR: Error notifying for datastore path: /frr-interface:lib/interface[name="dummy0"]/state: generic error
2026/07/14 16:06:29 ZEBRA: [YKHB9-ND03T] BE-client: msg_conn_send_msg: can't send message on closed connection
2026/07/14 16:06:29 ZEBRA: [GK6BW-E28RD] NB_OP_CHANGE: oper_walk_done: ERROR: Error sending notification message for path: /frr-interface:lib/interface[name="dummy0"]/state
2026/07/14 16:06:29 ZEBRA: [X0ASY-1BHSQ] NB_OP_CHANGE: oper_walk_done: ERROR: Error notifying for datastore path: /frr-interface:lib/interface[name="dummy0"]/state: generic error
2026/07/14 16:06:29 ZEBRA: [YKHB9-ND03T] BE-client: msg_conn_send_msg: can't send message on closed connection
2026/07/14 16:06:29 ZEBRA: [GK6BW-E28RD] NB_OP_CHANGE: oper_walk_done: ERROR: Error sending notification message for path: /frr-interface:lib/interface[name="dummy0"]/state
2026/07/14 16:06:29 ZEBRA: [X0ASY-1BHSQ] NB_OP_CHANGE: oper_walk_done: ERROR: Error notifying for datastore path: /frr-interface:lib/interface[name="dummy0"]/state: generic error
2026/07/14 16:06:29 ZEBRA: [YKHB9-ND03T] BE-client: msg_conn_send_msg: can't send message on closed connection
2026/07/14 16:06:29 ZEBRA: [GK6BW-E28RD] NB_OP_CHANGE: oper_walk_done: ERROR: Error sending notification message for path: /frr-interface:lib/interface[name="dummy0"]/state
2026/07/14 16:06:29 ZEBRA: [X0ASY-1BHSQ] NB_OP_CHANGE: oper_walk_done: ERROR: Error notifying for datastore path: /frr-interface:lib/interface[name="dummy0"]/state: generic error
2026/07/14 16:06:29 ZEBRA: [YKHB9-ND03T] BE-client: msg_conn_send_msg: can't send message on closed connection
2026/07/14 16:06:29 ZEBRA: [GK6BW-E28RD] NB_OP_CHANGE: oper_walk_done: ERROR: Error sending notification message for path: /frr-interface:lib/interface[name="dummy0"]/state
2026/07/14 16:06:29 ZEBRA: [X0ASY-1BHSQ] NB_OP_CHANGE: oper_walk_done: ERROR: Error notifying for datastore path: /frr-interface:lib/interface[name="dummy0"]/state: generic error
2026/07/14 16:06:29 ZEBRA: [YKHB9-ND03T] BE-client: msg_conn_send_msg: can't send message on closed connection
2026/07/14 16:06:29 ZEBRA: [GK6BW-E28RD] NB_OP_CHANGE: oper_walk_done: ERROR: Error sending notification message for path: /frr-interface:lib/interface[name="dummy0"]/state
2026/07/14 16:06:29 ZEBRA: [X0ASY-1BHSQ] NB_OP_CHANGE: oper_walk_done: ERROR: Error notifying for datastore path: /frr-interface:lib/interface[name="dummy0"]/state: generic error
2026/07/14 16:06:29 ZEBRA: [YKHB9-ND03T] BE-client: msg_conn_send_msg: can't send message on closed connection
2026/07/14 16:06:29 ZEBRA: [GK6BW-E28RD] NB_OP_CHANGE: oper_walk_done: ERROR: Error sending notification message for path: /frr-interface:lib/interface[name="dummy0"]/state
2026/07/14 16:06:29 ZEBRA: [X0ASY-1BHSQ] NB_OP_CHANGE: oper_walk_done: ERROR: Error notifying for datastore path: /frr-interface:lib/interface[name="dummy0"]/state: generic error
2026/07/14 16:06:29 ZEBRA: [YKHB9-ND03T] BE-client: msg_conn_send_msg: can't send message on closed connection
2026/07/14 16:06:29 ZEBRA: [GK6BW-E28RD] NB_OP_CHANGE: oper_walk_done: ERROR: Error sending notification message for path: /frr-interface:lib/interface[name="dummy0"]/state
2026/07/14 16:06:29 ZEBRA: [X0ASY-1BHSQ] NB_OP_CHANGE: oper_walk_done: ERROR: Error notifying for datastore path: /frr-interface:lib/interface[name="dummy0"]/state: generic error
2026/07/14 16:06:29 ZEBRA: [YKHB9-ND03T] BE-client: msg_conn_send_msg: can't send message on closed connection
2026/07/14 16:06:29 ZEBRA: [GK6BW-E28RD] NB_OP_CHANGE: oper_walk_done: ERROR: Error sending notification message for path: /frr-interface:lib/interface[name="dummy0"]/state
2026/07/14 16:06:29 ZEBRA: [X0ASY-1BHSQ] NB_OP_CHANGE: oper_walk_done: ERROR: Error notifying for datastore path: /frr-interface:lib/interface[name="dummy0"]/state: generic error
2026/07/14 16:06:29 ZEBRA: [YKHB9-ND03T] BE-client: msg_conn_send_msg: can't send message on closed connection
2026/07/14 16:06:29 ZEBRA: [GK6BW-E28RD] NB_OP_CHANGE: oper_walk_done: ERROR: Error sending notification message for path: /frr-interface:lib/interface[name="dummy0"]/state
2026/07/14 16:06:29 ZEBRA: [X0ASY-1BHSQ] NB_OP_CHANGE: oper_walk_done: ERROR: Error notifying for datastore path: /frr-interface:lib/interface[name="dummy0"]/state: generic error
2026/07/14 16:06:29 ZEBRA: [YKHB9-ND03T] BE-client: msg_conn_send_msg: can't send message on closed connection
2026/07/14 16:06:29 ZEBRA: [GK6BW-E28RD] NB_OP_CHANGE: oper_walk_done: ERROR: Error sending notification message for path: /frr-interface:lib/interface[name="dummy0"]/state
2026/07/14 16:06:29 ZEBRA: [X0ASY-1BHSQ] NB_OP_CHANGE: oper_walk_done: ERROR: Error notifying for datastore path: /frr-interface:lib/interface[name="dummy0"]/state: generic error
2026/07/14 16:06:29 ZEBRA: [YKHB9-ND03T] BE-client: msg_conn_send_msg: can't send message on closed connection
2026/07/14 16:06:29 ZEBRA: [GK6BW-E28RD] NB_OP_CHANGE: oper_walk_done: ERROR: Error sending notification message for path: /frr-interface:lib/interface[name="dummy0"]/state
2026/07/14 16:06:29 ZEBRA: [X0ASY-1BHSQ] NB_OP_CHANGE: oper_walk_done: ERROR: Error notifying for datastore path: /frr-interface:lib/interface[name="dummy0"]/state: generic error
2026/07/14 16:06:29 ZEBRA: [YKHB9-ND03T] BE-client: msg_conn_send_msg: can't send message on closed connection
2026/07/14 16:06:29 ZEBRA: [GK6BW-E28RD] NB_OP_CHANGE: oper_walk_done: ERROR: Error sending notification message for path: /frr-interface:lib/interface[name="dummy0"]/state
2026/07/14 16:06:29 ZEBRA: [X0ASY-1BHSQ] NB_OP_CHANGE: oper_walk_done: ERROR: Error notifying for datastore path: /frr-interface:lib/interface[name="dummy0"]/state: generic error
2026/07/14 16:06:29 ZEBRA: [YKHB9-ND03T] BE-client: msg_conn_send_msg: can't send message on closed connection
2026/07/14 16:06:29 ZEBRA: [GK6BW-E28RD] NB_OP_CHANGE: oper_walk_done: ERROR: Error sending notification message for path: /frr-interface:lib/interface[name="dummy0"]/state
2026/07/14 16:06:29 ZEBRA: [X0ASY-1BHSQ] NB_OP_CHANGE: oper_walk_done: ERROR: Error notifying for datastore path: /frr-interface:lib/interface[name="dummy0"]/state: generic error
2026/07/14 16:06:29 ZEBRA: [YKHB9-ND03T] BE-client: msg_conn_send_msg: can't send message on closed connection
2026/07/14 16:06:29 ZEBRA: [GK6BW-E28RD] NB_OP_CHANGE: oper_walk_done: ERROR: Error sending notification message for path: /frr-interface:lib/interface[name="dummy0"]/state
2026/07/14 16:06:29 ZEBRA: [X0ASY-1BHSQ] NB_OP_CHANGE: oper_walk_done: ERROR: Error notifying for datastore path: /frr-interface:lib/interface[name="dummy0"]/state: generic error
2026/07/14 16:06:29 ZEBRA: [YKHB9-ND03T] BE-client: msg_conn_send_msg: can't send message on closed connection
2026/07/14 16:06:29 ZEBRA: [GK6BW-E28RD] NB_OP_CHANGE: oper_walk_done: ERROR: Error sending notification message for path: /frr-interface:lib/interface[name="dummy0"]/state
2026/07/14 16:06:29 ZEBRA: [X0ASY-1BHSQ] NB_OP_CHANGE: oper_walk_done: ERROR: Error notifying for datastore path: /frr-interface:lib/interface[name="dummy0"]/state: generic error
2026/07/14 16:06:29 ZEBRA: [YKHB9-ND03T] BE-client: msg_conn_send_msg: can't send message on closed connection
2026/07/14 16:06:29 ZEBRA: [GK6BW-E28RD] NB_OP_CHANGE: oper_walk_done: ERROR: Error sending notification message for path: /frr-interface:lib/interface[name="dummy0"]/state
2026/07/14 16:06:29 ZEBRA: [X0ASY-1BHSQ] NB_OP_CHANGE: oper_walk_done: ERROR: Error notifying for datastore path: /frr-interface:lib/interface[name="dummy0"]/state: generic error
2026/07/14 16:06:29 ZEBRA: [YKHB9-ND03T] BE-client: msg_conn_send_msg: can't send message on closed connection
2026/07/14 16:06:29 ZEBRA: [GK6BW-E28RD] NB_OP_CHANGE: oper_walk_done: ERROR: Error sending notification message for path: /frr-interface:lib/interface[name="dummy0"]/state
2026/07/14 16:06:29 ZEBRA: [X0ASY-1BHSQ] NB_OP_CHANGE: oper_walk_done: ERROR: Error notifying for datastore path: /frr-interface:lib/interface[name="dummy0"]/state: generic error
2026/07/14 16:06:29 ZEBRA: [YKHB9-ND03T] BE-client: msg_conn_send_msg: can't send message on closed connection
2026/07/14 16:06:29 ZEBRA: [GK6BW-E28RD] NB_OP_CHANGE: oper_walk_done: ERROR: Error sending notification message for path: /frr-interface:lib/interface[name="dummy0"]/state
2026/07/14 16:06:29 ZEBRA: [X0ASY-1BHSQ] NB_OP_CHANGE: oper_walk_done: ERROR: Error notifying for datastore path: /frr-interface:lib/interface[name="dummy0"]/state: generic error
2026/07/14 16:06:29 ZEBRA: [YKHB9-ND03T] BE-client: msg_conn_send_msg: can't send message on closed connection
2026/07/14 16:06:29 ZEBRA: [GK6BW-E28RD] NB_OP_CHANGE: oper_walk_done: ERROR: Error sending notification message for path: /frr-interface:lib/interface[name="dummy0"]/state
2026/07/14 16:06:29 ZEBRA: [X0ASY-1BHSQ] NB_OP_CHANGE: oper_walk_done: ERROR: Error notifying for datastore path: /frr-interface:lib/interface[name="dummy0"]/state: generic error
2026/07/14 16:06:29 ZEBRA: [YKHB9-ND03T] BE-client: msg_conn_send_msg: can't send message on closed connection
2026/07/14 16:06:29 ZEBRA: [GK6BW-E28RD] NB_OP_CHANGE: oper_walk_done: ERROR: Error sending notification message for path: /frr-interface:lib/interface[name="dummy0"]/state
2026/07/14 16:06:29 ZEBRA: [X0ASY-1BHSQ] NB_OP_CHANGE: oper_walk_done: ERROR: Error notifying for datastore path: /frr-interface:lib/interface[name="dummy0"]/state: generic error
2026/07/14 16:06:29 ZEBRA: [YKHB9-ND03T] BE-client: msg_conn_send_msg: can't send message on closed connection
2026/07/14 16:06:29 ZEBRA: [GK6BW-E28RD] NB_OP_CHANGE: oper_walk_done: ERROR: Error sending notification message for path: /frr-interface:lib/interface[name="dummy0"]/state
2026/07/14 16:06:29 ZEBRA: [X0ASY-1BHSQ] NB_OP_CHANGE: oper_walk_done: ERROR: Error notifying for datastore path: /frr-interface:lib/interface[name="dummy0"]/state: generic error
2026/07/14 16:06:29 ZEBRA: [YKHB9-ND03T] BE-client: msg_conn_send_msg: can't send message on closed connection
2026/07/14 16:06:29 ZEBRA: [GK6BW-E28RD] NB_OP_CHANGE: oper_walk_done: ERROR: Error sending notification message for path: /frr-interface:lib/interface[name="dummy0"]/state
2026/07/14 16:06:29 ZEBRA: [X0ASY-1BHSQ] NB_OP_CHANGE: oper_walk_done: ERROR: Error notifying for datastore path: /frr-interface:lib/interface[name="dummy0"]/state: generic error
2026/07/14 16:06:29 ZEBRA: [YKHB9-ND03T] BE-client: msg_conn_send_msg: can't send message on closed connection
2026/07/14 16:06:29 ZEBRA: [GK6BW-E28RD] NB_OP_CHANGE: oper_walk_done: ERROR: Error sending notification message for path: /frr-interface:lib/interface[name="dummy0"]/state
2026/07/14 16:06:29 ZEBRA: [X0ASY-1BHSQ] NB_OP_CHANGE: oper_walk_done: ERROR: Error notifying for datastore path: /frr-interface:lib/interface[name="dummy0"]/state: generic error
2026/07/14 16:06:29 ZEBRA: [YKHB9-ND03T] BE-client: msg_conn_send_msg: can't send message on closed connection
2026/07/14 16:06:29 ZEBRA: [GK6BW-E28RD] NB_OP_CHANGE: oper_walk_done: ERROR: Error sending notification message for path: /frr-interface:lib/interface[name="dummy0"]/state
2026/07/14 16:06:29 ZEBRA: [X0ASY-1BHSQ] NB_OP_CHANGE: oper_walk_done: ERROR: Error notifying for datastore path: /frr-interface:lib/interface[name="dummy0"]/state: generic error
2026/07/14 16:06:29 ZEBRA: [YKHB9-ND03T] BE-client: msg_conn_send_msg: can't send message on closed connection
2026/07/14 16:06:29 ZEBRA: [GK6BW-E28RD] NB_OP_CHANGE: oper_walk_done: ERROR: Error sending notification message for path: /frr-interface:lib/interface[name="dummy0"]/state
2026/07/14 16:06:29 ZEBRA: [X0ASY-1BHSQ] NB_OP_CHANGE: oper_walk_done: ERROR: Error notifying for datastore path: /frr-interface:lib/interface[name="dummy0"]/state: generic error
2026/07/14 16:06:29 ZEBRA: [YKHB9-ND03T] BE-client: msg_conn_send_msg: can't send message on closed connection
2026/07/14 16:06:29 ZEBRA: [GK6BW-E28RD] NB_OP_CHANGE: oper_walk_done: ERROR: Error sending notification message for path: /frr-interface:lib/interface[name="dummy0"]/state
2026/07/14 16:06:29 ZEBRA: [X0ASY-1BHSQ] NB_OP_CHANGE: oper_walk_done: ERROR: Error notifying for datastore path: /frr-interface:lib/interface[name="dummy0"]/state: generic error
2026/07/14 16:06:29 ZEBRA: [YKHB9-ND03T] BE-client: msg_conn_send_msg: can't send message on closed connection
2026/07/14 16:06:29 ZEBRA: [GK6BW-E28RD] NB_OP_CHANGE: oper_walk_done: ERROR: Error sending notification message for path: /frr-interface:lib/interface[name="dummy0"]/state
2026/07/14 16:06:29 ZEBRA: [X0ASY-1BHSQ] NB_OP_CHANGE: oper_walk_done: ERROR: Error notifying for datastore path: /frr-interface:lib/interface[name="dummy0"]/state: generic error
2026/07/14 16:06:29 ZEBRA: [YKHB9-ND03T] BE-client: msg_conn_send_msg: can't send message on closed connection
2026/07/14 16:06:29 ZEBRA: [GK6BW-E28RD] NB_OP_CHANGE: oper_walk_done: ERROR: Error sending notification message for path: /frr-interface:lib/interface[name="dummy0"]/state
2026/07/14 16:06:29 ZEBRA: [X0ASY-1BHSQ] NB_OP_CHANGE: oper_walk_done: ERROR: Error notifying for datastore path: /frr-interface:lib/interface[name="dummy0"]/state: generic error
2026/07/14 16:06:29 ZEBRA: [YKHB9-ND03T] BE-client: msg_conn_send_msg: can't send message on closed connection
2026/07/14 16:06:29 ZEBRA: [GK6BW-E28RD] NB_OP_CHANGE: oper_walk_done: ERROR: Error sending notification message for path: /frr-interface:lib/interface[name="dummy0"]/state
2026/07/14 16:06:29 ZEBRA: [X0ASY-1BHSQ] NB_OP_CHANGE: oper_walk_done: ERROR: Error notifying for datastore path: /frr-interface:lib/interface[name="dummy0"]/state: generic error
2026/07/14 16:06:29 ZEBRA: [YKHB9-ND03T] BE-client: msg_conn_send_msg: can't send message on closed connection
2026/07/14 16:06:29 ZEBRA: [GK6BW-E28RD] NB_OP_CHANGE: oper_walk_done: ERROR: Error sending notification message for path: /frr-interface:lib/interface[name="dummy0"]/state
2026/07/14 16:06:29 ZEBRA: [X0ASY-1BHSQ] NB_OP_CHANGE: oper_walk_done: ERROR: Error notifying for datastore path: /frr-interface:lib/interface[name="dummy0"]/state: generic error
2026/07/14 16:06:29 ZEBRA: [YKHB9-ND03T] BE-client: msg_conn_send_msg: can't send message on closed connection
2026/07/14 16:06:29 ZEBRA: [GK6BW-E28RD] NB_OP_CHANGE: oper_walk_done: ERROR: Error sending notification message for path: /frr-interface:lib/interface[name="dummy0"]/state
2026/07/14 16:06:29 ZEBRA: [X0ASY-1BHSQ] NB_OP_CHANGE: oper_walk_done: ERROR: Error notifying for datastore path: /frr-interface:lib/interface[name="dummy0"]/state: generic error
2026/07/14 16:06:29 ZEBRA: [YKHB9-ND03T] BE-client: msg_conn_send_msg: can't send message on closed connection
2026/07/14 16:06:29 ZEBRA: [GK6BW-E28RD] NB_OP_CHANGE: oper_walk_done: ERROR: Error sending notification message for path: /frr-interface:lib/interface[name="dummy0"]/state
2026/07/14 16:06:29 ZEBRA: [X0ASY-1BHSQ] NB_OP_CHANGE: oper_walk_done: ERROR: Error notifying for datastore path: /frr-interface:lib/interface[name="dummy0"]/state: generic error
2026/07/14 16:06:29 ZEBRA: [YKHB9-ND03T] BE-client: msg_conn_send_msg: can't send message on closed connection
2026/07/14 16:06:29 ZEBRA: [GK6BW-E28RD] NB_OP_CHANGE: oper_walk_done: ERROR: Error sending notification message for path: /frr-interface:lib/interface[name="dummy0"]/state
2026/07/14 16:06:29 ZEBRA: [X0ASY-1BHSQ] NB_OP_CHANGE: oper_walk_done: ERROR: Error notifying for datastore path: /frr-interface:lib/interface[name="dummy0"]/state: generic error
2026/07/14 16:06:29 ZEBRA: [YKHB9-ND03T] BE-client: msg_conn_send_msg: can't send message on closed connection
2026/07/14 16:06:29 ZEBRA: [GK6BW-E28RD] NB_OP_CHANGE: oper_walk_done: ERROR: Error sending notification message for path: /frr-interface:lib/interface[name="dummy0"]/state
2026/07/14 16:06:29 ZEBRA: [X0ASY-1BHSQ] NB_OP_CHANGE: oper_walk_done: ERROR: Error notifying for datastore path: /frr-interface:lib/interface[name="dummy0"]/state: generic error
2026/07/14 16:06:29 ZEBRA: [YKHB9-ND03T] BE-client: msg_conn_send_msg: can't send message on closed connection
2026/07/14 16:06:29 ZEBRA: [GK6BW-E28RD] NB_OP_CHANGE: oper_walk_done: ERROR: Error sending notification message for path: /frr-interface:lib/interface[name="dummy0"]/state
2026/07/14 16:06:29 ZEBRA: [X0ASY-1BHSQ] NB_OP_CHANGE: oper_walk_done: ERROR: Error notifying for datastore path: /frr-interface:lib/interface[name="dummy0"]/state: generic error
2026/07/14 16:06:29 ZEBRA: [YKHB9-ND03T] BE-client: msg_conn_send_msg: can't send message on closed connection
2026/07/14 16:06:29 ZEBRA: [GK6BW-E28RD] NB_OP_CHANGE: oper_walk_done: ERROR: Error sending notification message for path: /frr-interface:lib/interface[name="dummy0"]/state
2026/07/14 16:06:29 ZEBRA: [X0ASY-1BHSQ] NB_OP_CHANGE: oper_walk_done: ERROR: Error notifying for datastore path: /frr-interface:lib/interface[name="dummy0"]/state: generic error
2026/07/14 16:06:29 ZEBRA: [YKHB9-ND03T] BE-client: msg_conn_send_msg: can't send message on closed connection
2026/07/14 16:06:29 ZEBRA: [GK6BW-E28RD] NB_OP_CHANGE: oper_walk_done: ERROR: Error sending notification message for path: /frr-interface:lib/interface[name="dummy0"]/state
2026/07/14 16:06:29 ZEBRA: [X0ASY-1BHSQ] NB_OP_CHANGE: oper_walk_done: ERROR: Error notifying for datastore path: /frr-interface:lib/interface[name="dummy0"]/state: generic error
2026/07/14 16:06:29 ZEBRA: [YKHB9-ND03T] BE-client: msg_conn_send_msg: can't send message on closed connection
2026/07/14 16:06:29 ZEBRA: [GK6BW-E28RD] NB_OP_CHANGE: oper_walk_done: ERROR: Error sending notification message for path: /frr-interface:lib/interface[name="dummy0"]/state
2026/07/14 16:06:29 ZEBRA: [X0ASY-1BHSQ] NB_OP_CHANGE: oper_walk_done: ERROR: Error notifying for datastore path: /frr-interface:lib/interface[name="dummy0"]/state: generic error
2026/07/14 16:06:29 ZEBRA: [YKHB9-ND03T] BE-client: msg_conn_send_msg: can't send message on closed connection
2026/07/14 16:06:29 ZEBRA: [GK6BW-E28RD] NB_OP_CHANGE: oper_walk_done: ERROR: Error sending notification message for path: /frr-interface:lib/interface[name="dummy0"]/state
2026/07/14 16:06:29 ZEBRA: [X0ASY-1BHSQ] NB_OP_CHANGE: oper_walk_done: ERROR: Error notifying for datastore path: /frr-interface:lib/interface[name="dummy0"]/state: generic error
2026/07/14 16:06:29 ZEBRA: [YKHB9-ND03T] BE-client: msg_conn_send_msg: can't send message on closed connection
2026/07/14 16:06:29 ZEBRA: [GK6BW-E28RD] NB_OP_CHANGE: oper_walk_done: ERROR: Error sending notification message for path: /frr-interface:lib/interface[name="dummy0"]/state
2026/07/14 16:06:29 ZEBRA: [X0ASY-1BHSQ] NB_OP_CHANGE: oper_walk_done: ERROR: Error notifying for datastore path: /frr-interface:lib/interface[name="dummy0"]/state: generic error
2026/07/14 16:06:29 ZEBRA: [YKHB9-ND03T] BE-client: msg_conn_send_msg: can't send message on closed connection
2026/07/14 16:06:29 ZEBRA: [GK6BW-E28RD] NB_OP_CHANGE: oper_walk_done: ERROR: Error sending notification message for path: /frr-interface:lib/interface[name="dummy0"]/state
2026/07/14 16:06:29 ZEBRA: [X0ASY-1BHSQ] NB_OP_CHANGE: oper_walk_done: ERROR: Error notifying for datastore path: /frr-interface:lib/interface[name="dummy0"]/state: generic error
2026/07/14 16:06:29 ZEBRA: [YKHB9-ND03T] BE-client: msg_conn_send_msg: can't send message on closed connection
2026/07/14 16:06:29 ZEBRA: [GK6BW-E28RD] NB_OP_CHANGE: oper_walk_done: ERROR: Error sending notification message for path: /frr-interface:lib/interface[name="dummy0"]/state
2026/07/14 16:06:29 ZEBRA: [X0ASY-1BHSQ] NB_OP_CHANGE: oper_walk_done: ERROR: Error notifying for datastore path: /frr-interface:lib/interface[name="dummy0"]/state: generic error
2026/07/14 16:06:29 ZEBRA: [YKHB9-ND03T] BE-client: msg_conn_send_msg: can't send message on closed connection
2026/07/14 16:06:29 ZEBRA: [GK6BW-E28RD] NB_OP_CHANGE: oper_walk_done: ERROR: Error sending notification message for path: /frr-interface:lib/interface[name="dummy0"]/state
2026/07/14 16:06:29 ZEBRA: [X0ASY-1BHSQ] NB_OP_CHANGE: oper_walk_done: ERROR: Error notifying for datastore path: /frr-interface:lib/interface[name="dummy0"]/state: generic error
2026/07/14 16:06:29 ZEBRA: [YKHB9-ND03T] BE-client: msg_conn_send_msg: can't send message on closed connection
2026/07/14 16:06:29 ZEBRA: [GK6BW-E28RD] NB_OP_CHANGE: oper_walk_done: ERROR: Error sending notification message for path: /frr-interface:lib/interface[name="dummy0"]/state
2026/07/14 16:06:29 ZEBRA: [X0ASY-1BHSQ] NB_OP_CHANGE: oper_walk_done: ERROR: Error notifying for datastore path: /frr-interface:lib/interface[name="dummy0"]/state: generic error
2026/07/14 16:06:29 ZEBRA: [YKHB9-ND03T] BE-client: msg_conn_send_msg: can't send message on closed connection
2026/07/14 16:06:29 ZEBRA: [GK6BW-E28RD] NB_OP_CHANGE: oper_walk_done: ERROR: Error sending notification message for path: /frr-interface:lib/interface[name="dummy0"]/state
2026/07/14 16:06:29 ZEBRA: [X0ASY-1BHSQ] NB_OP_CHANGE: oper_walk_done: ERROR: Error notifying for datastore path: /frr-interface:lib/interface[name="dummy0"]/state: generic error
2026/07/14 16:06:29 ZEBRA: [YKHB9-ND03T] BE-client: msg_conn_send_msg: can't send message on closed connection
2026/07/14 16:06:29 ZEBRA: [GK6BW-E28RD] NB_OP_CHANGE: oper_walk_done: ERROR: Error sending notification message for path: /frr-interface:lib/interface[name="dummy0"]/state
2026/07/14 16:06:29 ZEBRA: [X0ASY-1BHSQ] NB_OP_CHANGE: oper_walk_done: ERROR: Error notifying for datastore path: /frr-interface:lib/interface[name="dummy0"]/state: generic error
2026/07/14 16:06:29 ZEBRA: [YKHB9-ND03T] BE-client: msg_conn_send_msg: can't send message on closed connection
2026/07/14 16:06:29 ZEBRA: [GK6BW-E28RD] NB_OP_CHANGE: oper_walk_done: ERROR: Error sending notification message for path: /frr-interface:lib/interface[name="dummy0"]/state
2026/07/14 16:06:29 ZEBRA: [X0ASY-1BHSQ] NB_OP_CHANGE: oper_walk_done: ERROR: Error notifying for datastore path: /frr-interface:lib/interface[name="dummy0"]/state: generic error
2026/07/14 16:06:29 ZEBRA: [YKHB9-ND03T] BE-client: msg_conn_send_msg: can't send message on closed connection
2026/07/14 16:06:29 ZEBRA: [GK6BW-E28RD] NB_OP_CHANGE: oper_walk_done: ERROR: Error sending notification message for path: /frr-interface:lib/interface[name="dummy0"]/state
2026/07/14 16:06:29 ZEBRA: [X0ASY-1BHSQ] NB_OP_CHANGE: oper_walk_done: ERROR: Error notifying for datastore path: /frr-interface:lib/interface[name="dummy0"]/state: generic error
2026/07/14 16:06:29 ZEBRA: [YKHB9-ND03T] BE-client: msg_conn_send_msg: can't send message on closed connection
2026/07/14 16:06:29 ZEBRA: [GK6BW-E28RD] NB_OP_CHANGE: oper_walk_done: ERROR: Error sending notification message for path: /frr-interface:lib/interface[name="dummy0"]/state
2026/07/14 16:06:29 ZEBRA: [X0ASY-1BHSQ] NB_OP_CHANGE: oper_walk_done: ERROR: Error notifying for datastore path: /frr-interface:lib/interface[name="dummy0"]/state: generic error
2026/07/14 16:06:29 ZEBRA: [YKHB9-ND03T] BE-client: msg_conn_send_msg: can't send message on closed connection
2026/07/14 16:06:29 ZEBRA: [GK6BW-E28RD] NB_OP_CHANGE: oper_walk_done: ERROR: Error sending notification message for path: /frr-interface:lib/interface[name="dummy0"]/state
2026/07/14 16:06:29 ZEBRA: [X0ASY-1BHSQ] NB_OP_CHANGE: oper_walk_done: ERROR: Error notifying for datastore path: /frr-interface:lib/interface[name="dummy0"]/state: generic error
2026/07/14 16:06:30 ZEBRA: [YKHB9-ND03T] BE-client: msg_conn_send_msg: can't send message on closed connection
2026/07/14 16:06:30 ZEBRA: [GK6BW-E28RD] NB_OP_CHANGE: oper_walk_done: ERROR: Error sending notification message for path: /frr-interface:lib/interface[name="dummy0"]/state
2026/07/14 16:06:30 ZEBRA: [X0ASY-1BHSQ] NB_OP_CHANGE: oper_walk_done: ERROR: Error notifying for datastore path: /frr-interface:lib/interface[name="dummy0"]/state: generic error
2026/07/14 16:06:30 ZEBRA: [YKHB9-ND03T] BE-client: msg_conn_send_msg: can't send message on closed connection
2026/07/14 16:06:30 ZEBRA: [GK6BW-E28RD] NB_OP_CHANGE: oper_walk_done: ERROR: Error sending notification message for path: /frr-interface:lib/interface[name="dummy0"]/state
2026/07/14 16:06:30 ZEBRA: [X0ASY-1BHSQ] NB_OP_CHANGE: oper_walk_done: ERROR: Error notifying for datastore path: /frr-interface:lib/interface[name="dummy0"]/state: generic error
2026/07/14 16:06:30 ZEBRA: [YKHB9-ND03T] BE-client: msg_conn_send_msg: can't send message on closed connection
2026/07/14 16:06:30 ZEBRA: [GK6BW-E28RD] NB_OP_CHANGE: oper_walk_done: ERROR: Error sending notification message for path: /frr-interface:lib/interface[name="dummy0"]/state
2026/07/14 16:06:30 ZEBRA: [X0ASY-1BHSQ] NB_OP_CHANGE: oper_walk_done: ERROR: Error notifying for datastore path: /frr-interface:lib/interface[name="dummy0"]/state: generic error
2026/07/14 16:06:30 ZEBRA: [YKHB9-ND03T] BE-client: msg_conn_send_msg: can't send message on closed connection
2026/07/14 16:06:30 ZEBRA: [GK6BW-E28RD] NB_OP_CHANGE: oper_walk_done: ERROR: Error sending notification message for path: /frr-interface:lib/interface[name="dummy0"]/state
2026/07/14 16:06:30 ZEBRA: [X0ASY-1BHSQ] NB_OP_CHANGE: oper_walk_done: ERROR: Error notifying for datastore path: /frr-interface:lib/interface[name="dummy0"]/state: generic error
2026/07/14 16:06:30 ZEBRA: [YKHB9-ND03T] BE-client: msg_conn_send_msg: can't send message on closed connection
2026/07/14 16:06:30 ZEBRA: [GK6BW-E28RD] NB_OP_CHANGE: oper_walk_done: ERROR: Error sending notification message for path: /frr-interface:lib/interface[name="dummy0"]/state
2026/07/14 16:06:30 ZEBRA: [X0ASY-1BHSQ] NB_OP_CHANGE: oper_walk_done: ERROR: Error notifying for datastore path: /frr-interface:lib/interface[name="dummy0"]/state: generic error
2026/07/14 16:06:30 ZEBRA: [YKHB9-ND03T] BE-client: msg_conn_send_msg: can't send message on closed connection
2026/07/14 16:06:30 ZEBRA: [GK6BW-E28RD] NB_OP_CHANGE: oper_walk_done: ERROR: Error sending notification message for path: /frr-interface:lib/interface[name="dummy0"]/state
2026/07/14 16:06:30 ZEBRA: [X0ASY-1BHSQ] NB_OP_CHANGE: oper_walk_done: ERROR: Error notifying for datastore path: /frr-interface:lib/interface[name="dummy0"]/state: generic error
2026/07/14 16:06:30 ZEBRA: [YKHB9-ND03T] BE-client: msg_conn_send_msg: can't send message on closed connection
2026/07/14 16:06:30 ZEBRA: [GK6BW-E28RD] NB_OP_CHANGE: oper_walk_done: ERROR: Error sending notification message for path: /frr-interface:lib/interface[name="dummy0"]/state
2026/07/14 16:06:30 ZEBRA: [X0ASY-1BHSQ] NB_OP_CHANGE: oper_walk_done: ERROR: Error notifying for datastore path: /frr-interface:lib/interface[name="dummy0"]/state: generic error
2026/07/14 16:06:30 ZEBRA: [YKHB9-ND03T] BE-client: msg_conn_send_msg: can't send message on closed connection
2026/07/14 16:06:30 ZEBRA: [GK6BW-E28RD] NB_OP_CHANGE: oper_walk_done: ERROR: Error sending notification message for path: /frr-interface:lib/interface[name="dummy0"]/state
2026/07/14 16:06:30 ZEBRA: [X0ASY-1BHSQ] NB_OP_CHANGE: oper_walk_done: ERROR: Error notifying for datastore path: /frr-interface:lib/interface[name="dummy0"]/state: generic error
2026/07/14 16:06:30 ZEBRA: [YKHB9-ND03T] BE-client: msg_conn_send_msg: can't send message on closed connection
2026/07/14 16:06:30 ZEBRA: [GK6BW-E28RD] NB_OP_CHANGE: oper_walk_done: ERROR: Error sending notification message for path: /frr-interface:lib/interface[name="dummy0"]/state
2026/07/14 16:06:30 ZEBRA: [X0ASY-1BHSQ] NB_OP_CHANGE: oper_walk_done: ERROR: Error notifying for datastore path: /frr-interface:lib/interface[name="dummy0"]/state: generic error
2026/07/14 16:06:30 ZEBRA: [YKHB9-ND03T] BE-client: msg_conn_send_msg: can't send message on closed connection
2026/07/14 16:06:30 ZEBRA: [GK6BW-E28RD] NB_OP_CHANGE: oper_walk_done: ERROR: Error sending notification message for path: /frr-interface:lib/interface[name="dummy0"]/state
2026/07/14 16:06:30 ZEBRA: [X0ASY-1BHSQ] NB_OP_CHANGE: oper_walk_done: ERROR: Error notifying for datastore path: /frr-interface:lib/interface[name="dummy0"]/state: generic error
2026/07/14 16:06:30 ZEBRA: [YKHB9-ND03T] BE-client: msg_conn_send_msg: can't send message on closed connection
2026/07/14 16:06:30 ZEBRA: [GK6BW-E28RD] NB_OP_CHANGE: oper_walk_done: ERROR: Error sending notification message for path: /frr-interface:lib/interface[name="dummy0"]/state
2026/07/14 16:06:30 ZEBRA: [X0ASY-1BHSQ] NB_OP_CHANGE: oper_walk_done: ERROR: Error notifying for datastore path: /frr-interface:lib/interface[name="dummy0"]/state: generic error
2026/07/14 16:06:30 ZEBRA: [YKHB9-ND03T] BE-client: msg_conn_send_msg: can't send message on closed connection
2026/07/14 16:06:30 ZEBRA: [GK6BW-E28RD] NB_OP_CHANGE: oper_walk_done: ERROR: Error sending notification message for path: /frr-interface:lib/interface[name="dummy0"]/state
2026/07/14 16:06:30 ZEBRA: [X0ASY-1BHSQ] NB_OP_CHANGE: oper_walk_done: ERROR: Error notifying for datastore path: /frr-interface:lib/interface[name="dummy0"]/state: generic error
2026/07/14 16:06:30 ZEBRA: [YKHB9-ND03T] BE-client: msg_conn_send_msg: can't send message on closed connection
2026/07/14 16:06:30 ZEBRA: [GK6BW-E28RD] NB_OP_CHANGE: oper_walk_done: ERROR: Error sending notification message for path: /frr-interface:lib/interface[name="dummy0"]/state
2026/07/14 16:06:30 ZEBRA: [X0ASY-1BHSQ] NB_OP_CHANGE: oper_walk_done: ERROR: Error notifying for datastore path: /frr-interface:lib/interface[name="dummy0"]/state: generic error
2026/07/14 16:06:30 ZEBRA: [YKHB9-ND03T] BE-client: msg_conn_send_msg: can't send message on closed connection
2026/07/14 16:06:30 ZEBRA: [GK6BW-E28RD] NB_OP_CHANGE: oper_walk_done: ERROR: Error sending notification message for path: /frr-interface:lib/interface[name="dummy0"]/state
2026/07/14 16:06:30 ZEBRA: [X0ASY-1BHSQ] NB_OP_CHANGE: oper_walk_done: ERROR: Error notifying for datastore path: /frr-interface:lib/interface[name="dummy0"]/state: generic error
2026/07/14 16:06:30 ZEBRA: [YKHB9-ND03T] BE-client: msg_conn_send_msg: can't send message on closed connection
2026/07/14 16:06:30 ZEBRA: [GK6BW-E28RD] NB_OP_CHANGE: oper_walk_done: ERROR: Error sending notification message for path: /frr-interface:lib/interface[name="dummy0"]/state
2026/07/14 16:06:30 ZEBRA: [X0ASY-1BHSQ] NB_OP_CHANGE: oper_walk_done: ERROR: Error notifying for datastore path: /frr-interface:lib/interface[name="dummy0"]/state: generic error
2026/07/14 16:06:30 ZEBRA: [YKHB9-ND03T] BE-client: msg_conn_send_msg: can't send message on closed connection
2026/07/14 16:06:30 ZEBRA: [GK6BW-E28RD] NB_OP_CHANGE: oper_walk_done: ERROR: Error sending notification message for path: /frr-interface:lib/interface[name="dummy0"]/state
2026/07/14 16:06:30 ZEBRA: [X0ASY-1BHSQ] NB_OP_CHANGE: oper_walk_done: ERROR: Error notifying for datastore path: /frr-interface:lib/interface[name="dummy0"]/state: generic error
2026/07/14 16:06:30 ZEBRA: [YKHB9-ND03T] BE-client: msg_conn_send_msg: can't send message on closed connection
2026/07/14 16:06:30 ZEBRA: [GK6BW-E28RD] NB_OP_CHANGE: oper_walk_done: ERROR: Error sending notification message for path: /frr-interface:lib/interface[name="dummy0"]/state
2026/07/14 16:06:30 ZEBRA: [X0ASY-1BHSQ] NB_OP_CHANGE: oper_walk_done: ERROR: Error notifying for datastore path: /frr-interface:lib/interface[name="dummy0"]/state: generic error
2026/07/14 16:06:30 ZEBRA: [YKHB9-ND03T] BE-client: msg_conn_send_msg: can't send message on closed connection
2026/07/14 16:06:30 ZEBRA: [GK6BW-E28RD] NB_OP_CHANGE: oper_walk_done: ERROR: Error sending notification message for path: /frr-interface:lib/interface[name="dummy0"]/state
2026/07/14 16:06:30 ZEBRA: [X0ASY-1BHSQ] NB_OP_CHANGE: oper_walk_done: ERROR: Error notifying for datastore path: /frr-interface:lib/interface[name="dummy0"]/state: generic error
2026/07/14 16:06:30 ZEBRA: [YKHB9-ND03T] BE-client: msg_conn_send_msg: can't send message on closed connection
2026/07/14 16:06:30 ZEBRA: [GK6BW-E28RD] NB_OP_CHANGE: oper_walk_done: ERROR: Error sending notification message for path: /frr-interface:lib/interface[name="dummy0"]/state
2026/07/14 16:06:30 ZEBRA: [X0ASY-1BHSQ] NB_OP_CHANGE: oper_walk_done: ERROR: Error notifying for datastore path: /frr-interface:lib/interface[name="dummy0"]/state: generic error
2026/07/14 16:06:30 ZEBRA: [YKHB9-ND03T] BE-client: msg_conn_send_msg: can't send message on closed connection
2026/07/14 16:06:30 ZEBRA: [GK6BW-E28RD] NB_OP_CHANGE: oper_walk_done: ERROR: Error sending notification message for path: /frr-interface:lib/interface[name="dummy0"]/state
2026/07/14 16:06:30 ZEBRA: [X0ASY-1BHSQ] NB_OP_CHANGE: oper_walk_done: ERROR: Error notifying for datastore path: /frr-interface:lib/interface[name="dummy0"]/state: generic error
2026/07/14 16:06:30 ZEBRA: [YKHB9-ND03T] BE-client: msg_conn_send_msg: can't send message on closed connection
2026/07/14 16:06:30 ZEBRA: [GK6BW-E28RD] NB_OP_CHANGE: oper_walk_done: ERROR: Error sending notification message for path: /frr-interface:lib/interface[name="dummy0"]/state
2026/07/14 16:06:30 ZEBRA: [X0ASY-1BHSQ] NB_OP_CHANGE: oper_walk_done: ERROR: Error notifying for datastore path: /frr-interface:lib/interface[name="dummy0"]/state: generic error
2026/07/14 16:06:30 ZEBRA: [YKHB9-ND03T] BE-client: msg_conn_send_msg: can't send message on closed connection
2026/07/14 16:06:30 ZEBRA: [GK6BW-E28RD] NB_OP_CHANGE: oper_walk_done: ERROR: Error sending notification message for path: /frr-interface:lib/interface[name="dummy0"]/state
2026/07/14 16:06:30 ZEBRA: [X0ASY-1BHSQ] NB_OP_CHANGE: oper_walk_done: ERROR: Error notifying for datastore path: /frr-interface:lib/interface[name="dummy0"]/state: generic error
2026/07/14 16:06:30 ZEBRA: [YKHB9-ND03T] BE-client: msg_conn_send_msg: can't send message on closed connection
2026/07/14 16:06:30 ZEBRA: [GK6BW-E28RD] NB_OP_CHANGE: oper_walk_done: ERROR: Error sending notification message for path: /frr-interface:lib/interface[name="dummy0"]/state
2026/07/14 16:06:30 ZEBRA: [X0ASY-1BHSQ] NB_OP_CHANGE: oper_walk_done: ERROR: Error notifying for datastore path: /frr-interface:lib/interface[name="dummy0"]/state: generic error
2026/07/14 16:06:30 ZEBRA: [YKHB9-ND03T] BE-client: msg_conn_send_msg: can't send message on closed connection
2026/07/14 16:06:30 ZEBRA: [GK6BW-E28RD] NB_OP_CHANGE: oper_walk_done: ERROR: Error sending notification message for path: /frr-interface:lib/interface[name="dummy0"]/state
2026/07/14 16:06:30 ZEBRA: [X0ASY-1BHSQ] NB_OP_CHANGE: oper_walk_done: ERROR: Error notifying for datastore path: /frr-interface:lib/interface[name="dummy0"]/state: generic error
2026/07/14 16:06:30 ZEBRA: [YKHB9-ND03T] BE-client: msg_conn_send_msg: can't send message on closed connection
2026/07/14 16:06:30 ZEBRA: [GK6BW-E28RD] NB_OP_CHANGE: oper_walk_done: ERROR: Error sending notification message for path: /frr-interface:lib/interface[name="dummy0"]/state
2026/07/14 16:06:30 ZEBRA: [X0ASY-1BHSQ] NB_OP_CHANGE: oper_walk_done: ERROR: Error notifying for datastore path: /frr-interface:lib/interface[name="dummy0"]/state: generic error
2026/07/14 16:06:30 ZEBRA: [YKHB9-ND03T] BE-client: msg_conn_send_msg: can't send message on closed connection
2026/07/14 16:06:30 ZEBRA: [GK6BW-E28RD] NB_OP_CHANGE: oper_walk_done: ERROR: Error sending notification message for path: /frr-interface:lib/interface[name="dummy0"]/state
2026/07/14 16:06:30 ZEBRA: [X0ASY-1BHSQ] NB_OP_CHANGE: oper_walk_done: ERROR: Error notifying for datastore path: /frr-interface:lib/interface[name="dummy0"]/state: generic error
2026/07/14 16:06:30 ZEBRA: [YKHB9-ND03T] BE-client: msg_conn_send_msg: can't send message on closed connection
2026/07/14 16:06:30 ZEBRA: [GK6BW-E28RD] NB_OP_CHANGE: oper_walk_done: ERROR: Error sending notification message for path: /frr-interface:lib/interface[name="dummy0"]/state
2026/07/14 16:06:30 ZEBRA: [X0ASY-1BHSQ] NB_OP_CHANGE: oper_walk_done: ERROR: Error notifying for datastore path: /frr-interface:lib/interface[name="dummy0"]/state: generic error
2026/07/14 16:06:30 ZEBRA: [YKHB9-ND03T] BE-client: msg_conn_send_msg: can't send message on closed connection
2026/07/14 16:06:30 ZEBRA: [GK6BW-E28RD] NB_OP_CHANGE: oper_walk_done: ERROR: Error sending notification message for path: /frr-interface:lib/interface[name="dummy0"]/state
2026/07/14 16:06:30 ZEBRA: [X0ASY-1BHSQ] NB_OP_CHANGE: oper_walk_done: ERROR: Error notifying for datastore path: /frr-interface:lib/interface[name="dummy0"]/state: generic error
2026/07/14 16:06:30 ZEBRA: [YKHB9-ND03T] BE-client: msg_conn_send_msg: can't send message on closed connection
2026/07/14 16:06:30 ZEBRA: [GK6BW-E28RD] NB_OP_CHANGE: oper_walk_done: ERROR: Error sending notification message for path: /frr-interface:lib/interface[name="dummy0"]/state
2026/07/14 16:06:30 ZEBRA: [X0ASY-1BHSQ] NB_OP_CHANGE: oper_walk_done: ERROR: Error notifying for datastore path: /frr-interface:lib/interface[name="dummy0"]/state: generic error
2026/07/14 16:06:30 ZEBRA: [YKHB9-ND03T] BE-client: msg_conn_send_msg: can't send message on closed connection
2026/07/14 16:06:30 ZEBRA: [GK6BW-E28RD] NB_OP_CHANGE: oper_walk_done: ERROR: Error sending notification message for path: /frr-interface:lib/interface[name="dummy0"]/state
2026/07/14 16:06:30 ZEBRA: [X0ASY-1BHSQ] NB_OP_CHANGE: oper_walk_done: ERROR: Error notifying for datastore path: /frr-interface:lib/interface[name="dummy0"]/state: generic error
2026/07/14 16:06:30 ZEBRA: [YKHB9-ND03T] BE-client: msg_conn_send_msg: can't send message on closed connection
2026/07/14 16:06:30 ZEBRA: [GK6BW-E28RD] NB_OP_CHANGE: oper_walk_done: ERROR: Error sending notification message for path: /frr-interface:lib/interface[name="dummy0"]/state
2026/07/14 16:06:30 ZEBRA: [X0ASY-1BHSQ] NB_OP_CHANGE: oper_walk_done: ERROR: Error notifying for datastore path: /frr-interface:lib/interface[name="dummy0"]/state: generic error
2026/07/14 16:06:30 ZEBRA: [YKHB9-ND03T] BE-client: msg_conn_send_msg: can't send message on closed connection
2026/07/14 16:06:30 ZEBRA: [GK6BW-E28RD] NB_OP_CHANGE: oper_walk_done: ERROR: Error sending notification message for path: /frr-interface:lib/interface[name="dummy0"]/state
2026/07/14 16:06:30 ZEBRA: [X0ASY-1BHSQ] NB_OP_CHANGE: oper_walk_done: ERROR: Error notifying for datastore path: /frr-interface:lib/interface[name="dummy0"]/state: generic error
2026/07/14 16:06:30 ZEBRA: [YKHB9-ND03T] BE-client: msg_conn_send_msg: can't send message on closed connection
2026/07/14 16:06:30 ZEBRA: [GK6BW-E28RD] NB_OP_CHANGE: oper_walk_done: ERROR: Error sending notification message for path: /frr-interface:lib/interface[name="dummy0"]/state
2026/07/14 16:06:30 ZEBRA: [X0ASY-1BHSQ] NB_OP_CHANGE: oper_walk_done: ERROR: Error notifying for datastore path: /frr-interface:lib/interface[name="dummy0"]/state: generic error
2026/07/14 16:06:30 ZEBRA: [YKHB9-ND03T] BE-client: msg_conn_send_msg: can't send message on closed connection
2026/07/14 16:06:30 ZEBRA: [GK6BW-E28RD] NB_OP_CHANGE: oper_walk_done: ERROR: Error sending notification message for path: /frr-interface:lib/interface[name="dummy0"]/state
2026/07/14 16:06:30 ZEBRA: [X0ASY-1BHSQ] NB_OP_CHANGE: oper_walk_done: ERROR: Error notifying for datastore path: /frr-interface:lib/interface[name="dummy0"]/state: generic error
2026/07/14 16:06:30 ZEBRA: [YKHB9-ND03T] BE-client: msg_conn_send_msg: can't send message on closed connection
2026/07/14 16:06:30 ZEBRA: [GK6BW-E28RD] NB_OP_CHANGE: oper_walk_done: ERROR: Error sending notification message for path: /frr-interface:lib/interface[name="dummy0"]/state
2026/07/14 16:06:30 ZEBRA: [X0ASY-1BHSQ] NB_OP_CHANGE: oper_walk_done: ERROR: Error notifying for datastore path: /frr-interface:lib/interface[name="dummy0"]/state: generic error
2026/07/14 16:06:30 ZEBRA: [YKHB9-ND03T] BE-client: msg_conn_send_msg: can't send message on closed connection
2026/07/14 16:06:30 ZEBRA: [GK6BW-E28RD] NB_OP_CHANGE: oper_walk_done: ERROR: Error sending notification message for path: /frr-interface:lib/interface[name="dummy0"]/state
2026/07/14 16:06:30 ZEBRA: [X0ASY-1BHSQ] NB_OP_CHANGE: oper_walk_done: ERROR: Error notifying for datastore path: /frr-interface:lib/interface[name="dummy0"]/state: generic error
2026/07/14 16:06:30 ZEBRA: [YKHB9-ND03T] BE-client: msg_conn_send_msg: can't send message on closed connection
2026/07/14 16:06:30 ZEBRA: [GK6BW-E28RD] NB_OP_CHANGE: oper_walk_done: ERROR: Error sending notification message for path: /frr-interface:lib/interface[name="dummy0"]/state
2026/07/14 16:06:30 ZEBRA: [X0ASY-1BHSQ] NB_OP_CHANGE: oper_walk_done: ERROR: Error notifying for datastore path: /frr-interface:lib/interface[name="dummy0"]/state: generic error
2026/07/14 16:06:30 ZEBRA: [YKHB9-ND03T] BE-client: msg_conn_send_msg: can't send message on closed connection
2026/07/14 16:06:30 ZEBRA: [GK6BW-E28RD] NB_OP_CHANGE: oper_walk_done: ERROR: Error sending notification message for path: /frr-interface:lib/interface[name="dummy0"]/state
2026/07/14 16:06:30 ZEBRA: [X0ASY-1BHSQ] NB_OP_CHANGE: oper_walk_done: ERROR: Error notifying for datastore path: /frr-interface:lib/interface[name="dummy0"]/state: generic error
2026/07/14 16:06:30 ZEBRA: [YKHB9-ND03T] BE-client: msg_conn_send_msg: can't send message on closed connection
2026/07/14 16:06:30 ZEBRA: [GK6BW-E28RD] NB_OP_CHANGE: oper_walk_done: ERROR: Error sending notification message for path: /frr-interface:lib/interface[name="dummy0"]/state
2026/07/14 16:06:30 ZEBRA: [X0ASY-1BHSQ] NB_OP_CHANGE: oper_walk_done: ERROR: Error notifying for datastore path: /frr-interface:lib/interface[name="dummy0"]/state: generic error
2026/07/14 16:06:30 ZEBRA: [YKHB9-ND03T] BE-client: msg_conn_send_msg: can't send message on closed connection
2026/07/14 16:06:30 ZEBRA: [GK6BW-E28RD] NB_OP_CHANGE: oper_walk_done: ERROR: Error sending notification message for path: /frr-interface:lib/interface[name="dummy0"]/state
2026/07/14 16:06:30 ZEBRA: [X0ASY-1BHSQ] NB_OP_CHANGE: oper_walk_done: ERROR: Error notifying for datastore path: /frr-interface:lib/interface[name="dummy0"]/state: generic error
2026/07/14 16:06:30 ZEBRA: [YKHB9-ND03T] BE-client: msg_conn_send_msg: can't send message on closed connection
2026/07/14 16:06:30 ZEBRA: [GK6BW-E28RD] NB_OP_CHANGE: oper_walk_done: ERROR: Error sending notification message for path: /frr-interface:lib/interface[name="dummy0"]/state
2026/07/14 16:06:30 ZEBRA: [X0ASY-1BHSQ] NB_OP_CHANGE: oper_walk_done: ERROR: Error notifying for datastore path: /frr-interface:lib/interface[name="dummy0"]/state: generic error
2026/07/14 16:06:30 ZEBRA: [YKHB9-ND03T] BE-client: msg_conn_send_msg: can't send message on closed connection
2026/07/14 16:06:30 ZEBRA: [GK6BW-E28RD] NB_OP_CHANGE: oper_walk_done: ERROR: Error sending notification message for path: /frr-interface:lib/interface[name="dummy0"]/state
2026/07/14 16:06:30 ZEBRA: [X0ASY-1BHSQ] NB_OP_CHANGE: oper_walk_done: ERROR: Error notifying for datastore path: /frr-interface:lib/interface[name="dummy0"]/state: generic error
2026/07/14 16:06:30 ZEBRA: [YKHB9-ND03T] BE-client: msg_conn_send_msg: can't send message on closed connection
2026/07/14 16:06:30 ZEBRA: [GK6BW-E28RD] NB_OP_CHANGE: oper_walk_done: ERROR: Error sending notification message for path: /frr-interface:lib/interface[name="dummy0"]/state
2026/07/14 16:06:30 ZEBRA: [X0ASY-1BHSQ] NB_OP_CHANGE: oper_walk_done: ERROR: Error notifying for datastore path: /frr-interface:lib/interface[name="dummy0"]/state: generic error
2026/07/14 16:06:30 ZEBRA: [YKHB9-ND03T] BE-client: msg_conn_send_msg: can't send message on closed connection
2026/07/14 16:06:30 ZEBRA: [GK6BW-E28RD] NB_OP_CHANGE: oper_walk_done: ERROR: Error sending notification message for path: /frr-interface:lib/interface[name="dummy0"]/state
2026/07/14 16:06:30 ZEBRA: [X0ASY-1BHSQ] NB_OP_CHANGE: oper_walk_done: ERROR: Error notifying for datastore path: /frr-interface:lib/interface[name="dummy0"]/state: generic error
2026/07/14 16:06:30 ZEBRA: [YKHB9-ND03T] BE-client: msg_conn_send_msg: can't send message on closed connection
2026/07/14 16:06:30 ZEBRA: [GK6BW-E28RD] NB_OP_CHANGE: oper_walk_done: ERROR: Error sending notification message for path: /frr-interface:lib/interface[name="dummy0"]/state
2026/07/14 16:06:30 ZEBRA: [X0ASY-1BHSQ] NB_OP_CHANGE: oper_walk_done: ERROR: Error notifying for datastore path: /frr-interface:lib/interface[name="dummy0"]/state: generic error
2026/07/14 16:06:30 ZEBRA: [YKHB9-ND03T] BE-client: msg_conn_send_msg: can't send message on closed connection
2026/07/14 16:06:30 ZEBRA: [GK6BW-E28RD] NB_OP_CHANGE: oper_walk_done: ERROR: Error sending notification message for path: /frr-interface:lib/interface[name="dummy0"]/state
2026/07/14 16:06:30 ZEBRA: [X0ASY-1BHSQ] NB_OP_CHANGE: oper_walk_done: ERROR: Error notifying for datastore path: /frr-interface:lib/interface[name="dummy0"]/state: generic error
2026/07/14 16:06:30 ZEBRA: [YKHB9-ND03T] BE-client: msg_conn_send_msg: can't send message on closed connection
2026/07/14 16:06:30 ZEBRA: [GK6BW-E28RD] NB_OP_CHANGE: oper_walk_done: ERROR: Error sending notification message for path: /frr-interface:lib/interface[name="dummy0"]/state
2026/07/14 16:06:30 ZEBRA: [X0ASY-1BHSQ] NB_OP_CHANGE: oper_walk_done: ERROR: Error notifying for datastore path: /frr-interface:lib/interface[name="dummy0"]/state: generic error
2026/07/14 16:06:30 ZEBRA: [YKHB9-ND03T] BE-client: msg_conn_send_msg: can't send message on closed connection
2026/07/14 16:06:30 ZEBRA: [GK6BW-E28RD] NB_OP_CHANGE: oper_walk_done: ERROR: Error sending notification message for path: /frr-interface:lib/interface[name="dummy0"]/state
2026/07/14 16:06:30 ZEBRA: [X0ASY-1BHSQ] NB_OP_CHANGE: oper_walk_done: ERROR: Error notifying for datastore path: /frr-interface:lib/interface[name="dummy0"]/state: generic error
2026/07/14 16:06:30 ZEBRA: [YKHB9-ND03T] BE-client: msg_conn_send_msg: can't send message on closed connection
2026/07/14 16:06:30 ZEBRA: [GK6BW-E28RD] NB_OP_CHANGE: oper_walk_done: ERROR: Error sending notification message for path: /frr-interface:lib/interface[name="dummy0"]/state
2026/07/14 16:06:30 ZEBRA: [X0ASY-1BHSQ] NB_OP_CHANGE: oper_walk_done: ERROR: Error notifying for datastore path: /frr-interface:lib/interface[name="dummy0"]/state: generic error
2026/07/14 16:06:30 ZEBRA: [YKHB9-ND03T] BE-client: msg_conn_send_msg: can't send message on closed connection
2026/07/14 16:06:30 ZEBRA: [GK6BW-E28RD] NB_OP_CHANGE: oper_walk_done: ERROR: Error sending notification message for path: /frr-interface:lib/interface[name="dummy0"]/state
2026/07/14 16:06:30 ZEBRA: [X0ASY-1BHSQ] NB_OP_CHANGE: oper_walk_done: ERROR: Error notifying for datastore path: /frr-interface:lib/interface[name="dummy0"]/state: generic error
2026/07/14 16:06:30 ZEBRA: [YKHB9-ND03T] BE-client: msg_conn_send_msg: can't send message on closed connection
2026/07/14 16:06:30 ZEBRA: [GK6BW-E28RD] NB_OP_CHANGE: oper_walk_done: ERROR: Error sending notification message for path: /frr-interface:lib/interface[name="dummy0"]/state
2026/07/14 16:06:30 ZEBRA: [X0ASY-1BHSQ] NB_OP_CHANGE: oper_walk_done: ERROR: Error notifying for datastore path: /frr-interface:lib/interface[name="dummy0"]/state: generic error
2026/07/14 16:06:30 ZEBRA: [YKHB9-ND03T] BE-client: msg_conn_send_msg: can't send message on closed connection
2026/07/14 16:06:30 ZEBRA: [GK6BW-E28RD] NB_OP_CHANGE: oper_walk_done: ERROR: Error sending notification message for path: /frr-interface:lib/interface[name="dummy0"]/state
2026/07/14 16:06:30 ZEBRA: [X0ASY-1BHSQ] NB_OP_CHANGE: oper_walk_done: ERROR: Error notifying for datastore path: /frr-interface:lib/interface[name="dummy0"]/state: generic error
2026/07/14 16:06:30 ZEBRA: [YKHB9-ND03T] BE-client: msg_conn_send_msg: can't send message on closed connection
2026/07/14 16:06:30 ZEBRA: [GK6BW-E28RD] NB_OP_CHANGE: oper_walk_done: ERROR: Error sending notification message for path: /frr-interface:lib/interface[name="dummy0"]/state
2026/07/14 16:06:30 ZEBRA: [X0ASY-1BHSQ] NB_OP_CHANGE: oper_walk_done: ERROR: Error notifying for datastore path: /frr-interface:lib/interface[name="dummy0"]/state: generic error
2026/07/14 16:06:30 ZEBRA: [YKHB9-ND03T] BE-client: msg_conn_send_msg: can't send message on closed connection
2026/07/14 16:06:30 ZEBRA: [GK6BW-E28RD] NB_OP_CHANGE: oper_walk_done: ERROR: Error sending notification message for path: /frr-interface:lib/interface[name="dummy0"]/state
2026/07/14 16:06:30 ZEBRA: [X0ASY-1BHSQ] NB_OP_CHANGE: oper_walk_done: ERROR: Error notifying for datastore path: /frr-interface:lib/interface[name="dummy0"]/state: generic error
2026/07/14 16:06:30 ZEBRA: [YKHB9-ND03T] BE-client: msg_conn_send_msg: can't send message on closed connection
2026/07/14 16:06:30 ZEBRA: [GK6BW-E28RD] NB_OP_CHANGE: oper_walk_done: ERROR: Error sending notification message for path: /frr-interface:lib/interface[name="dummy0"]/state
2026/07/14 16:06:30 ZEBRA: [X0ASY-1BHSQ] NB_OP_CHANGE: oper_walk_done: ERROR: Error notifying for datastore path: /frr-interface:lib/interface[name="dummy0"]/state: generic error
2026/07/14 16:06:30 ZEBRA: [YKHB9-ND03T] BE-client: msg_conn_send_msg: can't send message on closed connection
2026/07/14 16:06:30 ZEBRA: [GK6BW-E28RD] NB_OP_CHANGE: oper_walk_done: ERROR: Error sending notification message for path: /frr-interface:lib/interface[name="dummy0"]/state
2026/07/14 16:06:30 ZEBRA: [X0ASY-1BHSQ] NB_OP_CHANGE: oper_walk_done: ERROR: Error notifying for datastore path: /frr-interface:lib/interface[name="dummy0"]/state: generic error
2026/07/14 16:06:30 ZEBRA: [YKHB9-ND03T] BE-client: msg_conn_send_msg: can't send message on closed connection
2026/07/14 16:06:30 ZEBRA: [GK6BW-E28RD] NB_OP_CHANGE: oper_walk_done: ERROR: Error sending notification message for path: /frr-interface:lib/interface[name="dummy0"]/state
2026/07/14 16:06:30 ZEBRA: [X0ASY-1BHSQ] NB_OP_CHANGE: oper_walk_done: ERROR: Error notifying for datastore path: /frr-interface:lib/interface[name="dummy0"]/state: generic error
2026/07/14 16:06:30 ZEBRA: [YKHB9-ND03T] BE-client: msg_conn_send_msg: can't send message on closed connection
2026/07/14 16:06:30 ZEBRA: [GK6BW-E28RD] NB_OP_CHANGE: oper_walk_done: ERROR: Error sending notification message for path: /frr-interface:lib/interface[name="dummy0"]/state
2026/07/14 16:06:30 ZEBRA: [X0ASY-1BHSQ] NB_OP_CHANGE: oper_walk_done: ERROR: Error notifying for datastore path: /frr-interface:lib/interface[name="dummy0"]/state: generic error
2026/07/14 16:06:30 ZEBRA: [YKHB9-ND03T] BE-client: msg_conn_send_msg: can't send message on closed connection
2026/07/14 16:06:30 ZEBRA: [GK6BW-E28RD] NB_OP_CHANGE: oper_walk_done: ERROR: Error sending notification message for path: /frr-interface:lib/interface[name="dummy0"]/state
2026/07/14 16:06:30 ZEBRA: [X0ASY-1BHSQ] NB_OP_CHANGE: oper_walk_done: ERROR: Error notifying for datastore path: /frr-interface:lib/interface[name="dummy0"]/state: generic error
2026/07/14 16:06:30 ZEBRA: [YKHB9-ND03T] BE-client: msg_conn_send_msg: can't send message on closed connection
2026/07/14 16:06:30 ZEBRA: [GK6BW-E28RD] NB_OP_CHANGE: oper_walk_done: ERROR: Error sending notification message for path: /frr-interface:lib/interface[name="dummy0"]/state
2026/07/14 16:06:30 ZEBRA: [X0ASY-1BHSQ] NB_OP_CHANGE: oper_walk_done: ERROR: Error notifying for datastore path: /frr-interface:lib/interface[name="dummy0"]/state: generic error
2026/07/14 16:06:30 ZEBRA: [YKHB9-ND03T] BE-client: msg_conn_send_msg: can't send message on closed connection
2026/07/14 16:06:30 ZEBRA: [GK6BW-E28RD] NB_OP_CHANGE: oper_walk_done: ERROR: Error sending notification message for path: /frr-interface:lib/interface[name="dummy0"]/state
2026/07/14 16:06:30 ZEBRA: [X0ASY-1BHSQ] NB_OP_CHANGE: oper_walk_done: ERROR: Error notifying for datastore path: /frr-interface:lib/interface[name="dummy0"]/state: generic error
2026/07/14 16:06:30 ZEBRA: [YKHB9-ND03T] BE-client: msg_conn_send_msg: can't send message on closed connection
2026/07/14 16:06:30 ZEBRA: [GK6BW-E28RD] NB_OP_CHANGE: oper_walk_done: ERROR: Error sending notification message for path: /frr-interface:lib/interface[name="dummy0"]/state
2026/07/14 16:06:30 ZEBRA: [X0ASY-1BHSQ] NB_OP_CHANGE: oper_walk_done: ERROR: Error notifying for datastore path: /frr-interface:lib/interface[name="dummy0"]/state: generic error
2026/07/14 16:06:30 ZEBRA: [YKHB9-ND03T] BE-client: msg_conn_send_msg: can't send message on closed connection
2026/07/14 16:06:30 ZEBRA: [GK6BW-E28RD] NB_OP_CHANGE: oper_walk_done: ERROR: Error sending notification message for path: /frr-interface:lib/interface[name="dummy0"]/state
2026/07/14 16:06:30 ZEBRA: [X0ASY-1BHSQ] NB_OP_CHANGE: oper_walk_done: ERROR: Error notifying for datastore path: /frr-interface:lib/interface[name="dummy0"]/state: generic error
2026/07/14 16:06:30 ZEBRA: [YKHB9-ND03T] BE-client: msg_conn_send_msg: can't send message on closed connection
2026/07/14 16:06:30 ZEBRA: [GK6BW-E28RD] NB_OP_CHANGE: oper_walk_done: ERROR: Error sending notification message for path: /frr-interface:lib/interface[name="dummy0"]/state
2026/07/14 16:06:30 ZEBRA: [X0ASY-1BHSQ] NB_OP_CHANGE: oper_walk_done: ERROR: Error notifying for datastore path: /frr-interface:lib/interface[name="dummy0"]/state: generic error
2026/07/14 16:06:30 ZEBRA: [YKHB9-ND03T] BE-client: msg_conn_send_msg: can't send message on closed connection
2026/07/14 16:06:30 ZEBRA: [GK6BW-E28RD] NB_OP_CHANGE: oper_walk_done: ERROR: Error sending notification message for path: /frr-interface:lib/interface[name="dummy0"]/state
2026/07/14 16:06:30 ZEBRA: [X0ASY-1BHSQ] NB_OP_CHANGE: oper_walk_done: ERROR: Error notifying for datastore path: /frr-interface:lib/interface[name="dummy0"]/state: generic error
2026/07/14 16:06:30 ZEBRA: [YKHB9-ND03T] BE-client: msg_conn_send_msg: can't send message on closed connection
2026/07/14 16:06:30 ZEBRA: [GK6BW-E28RD] NB_OP_CHANGE: oper_walk_done: ERROR: Error sending notification message for path: /frr-interface:lib/interface[name="dummy0"]/state
2026/07/14 16:06:30 ZEBRA: [X0ASY-1BHSQ] NB_OP_CHANGE: oper_walk_done: ERROR: Error notifying for datastore path: /frr-interface:lib/interface[name="dummy0"]/state: generic error
2026/07/14 16:06:30 ZEBRA: [YKHB9-ND03T] BE-client: msg_conn_send_msg: can't send message on closed connection
2026/07/14 16:06:30 ZEBRA: [GK6BW-E28RD] NB_OP_CHANGE: oper_walk_done: ERROR: Error sending notification message for path: /frr-interface:lib/interface[name="dummy0"]/state
2026/07/14 16:06:30 ZEBRA: [X0ASY-1BHSQ] NB_OP_CHANGE: oper_walk_done: ERROR: Error notifying for datastore path: /frr-interface:lib/interface[name="dummy0"]/state: generic error
2026/07/14 16:06:30 ZEBRA: [YKHB9-ND03T] BE-client: msg_conn_send_msg: can't send message on closed connection
2026/07/14 16:06:30 ZEBRA: [GK6BW-E28RD] NB_OP_CHANGE: oper_walk_done: ERROR: Error sending notification message for path: /frr-interface:lib/interface[name="dummy0"]/state
2026/07/14 16:06:30 ZEBRA: [X0ASY-1BHSQ] NB_OP_CHANGE: oper_walk_done: ERROR: Error notifying for datastore path: /frr-interface:lib/interface[name="dummy0"]/state: generic error
2026/07/14 16:06:30 ZEBRA: [YKHB9-ND03T] BE-client: msg_conn_send_msg: can't send message on closed connection
2026/07/14 16:06:30 ZEBRA: [GK6BW-E28RD] NB_OP_CHANGE: oper_walk_done: ERROR: Error sending notification message for path: /frr-interface:lib/interface[name="dummy0"]/state
2026/07/14 16:06:30 ZEBRA: [X0ASY-1BHSQ] NB_OP_CHANGE: oper_walk_done: ERROR: Error notifying for datastore path: /frr-interface:lib/interface[name="dummy0"]/state: generic error
2026/07/14 16:06:30 ZEBRA: [YKHB9-ND03T] BE-client: msg_conn_send_msg: can't send message on closed connection
2026/07/14 16:06:30 ZEBRA: [GK6BW-E28RD] NB_OP_CHANGE: oper_walk_done: ERROR: Error sending notification message for path: /frr-interface:lib/interface[name="dummy0"]/state
2026/07/14 16:06:30 ZEBRA: [X0ASY-1BHSQ] NB_OP_CHANGE: oper_walk_done: ERROR: Error notifying for datastore path: /frr-interface:lib/interface[name="dummy0"]/state: generic error
2026/07/14 16:06:30 ZEBRA: [YKHB9-ND03T] BE-client: msg_conn_send_msg: can't send message on closed connection
2026/07/14 16:06:30 ZEBRA: [GK6BW-E28RD] NB_OP_CHANGE: oper_walk_done: ERROR: Error sending notification message for path: /frr-interface:lib/interface[name="dummy0"]/state
2026/07/14 16:06:30 ZEBRA: [X0ASY-1BHSQ] NB_OP_CHANGE: oper_walk_done: ERROR: Error notifying for datastore path: /frr-interface:lib/interface[name="dummy0"]/state: generic error
2026/07/14 16:06:30 ZEBRA: [YKHB9-ND03T] BE-client: msg_conn_send_msg: can't send message on closed connection
2026/07/14 16:06:30 ZEBRA: [GK6BW-E28RD] NB_OP_CHANGE: oper_walk_done: ERROR: Error sending notification message for path: /frr-interface:lib/interface[name="dummy0"]/state
2026/07/14 16:06:30 ZEBRA: [X0ASY-1BHSQ] NB_OP_CHANGE: oper_walk_done: ERROR: Error notifying for datastore path: /frr-interface:lib/interface[name="dummy0"]/state: generic error
2026/07/14 16:06:30 ZEBRA: [YKHB9-ND03T] BE-client: msg_conn_send_msg: can't send message on closed connection
2026/07/14 16:06:30 ZEBRA: [GK6BW-E28RD] NB_OP_CHANGE: oper_walk_done: ERROR: Error sending notification message for path: /frr-interface:lib/interface[name="dummy0"]/state
2026/07/14 16:06:30 ZEBRA: [X0ASY-1BHSQ] NB_OP_CHANGE: oper_walk_done: ERROR: Error notifying for datastore path: /frr-interface:lib/interface[name="dummy0"]/state: generic error
2026/07/14 16:06:30 ZEBRA: [YKHB9-ND03T] BE-client: msg_conn_send_msg: can't send message on closed connection
2026/07/14 16:06:30 ZEBRA: [GK6BW-E28RD] NB_OP_CHANGE: oper_walk_done: ERROR: Error sending notification message for path: /frr-interface:lib/interface[name="dummy0"]/state
2026/07/14 16:06:30 ZEBRA: [X0ASY-1BHSQ] NB_OP_CHANGE: oper_walk_done: ERROR: Error notifying for datastore path: /frr-interface:lib/interface[name="dummy0"]/state: generic error
2026/07/14 16:06:30 ZEBRA: [YKHB9-ND03T] BE-client: msg_conn_send_msg: can't send message on closed connection
2026/07/14 16:06:30 ZEBRA: [GK6BW-E28RD] NB_OP_CHANGE: oper_walk_done: ERROR: Error sending notification message for path: /frr-interface:lib/interface[name="dummy0"]/state
2026/07/14 16:06:30 ZEBRA: [X0ASY-1BHSQ] NB_OP_CHANGE: oper_walk_done: ERROR: Error notifying for datastore path: /frr-interface:lib/interface[name="dummy0"]/state: generic error
2026/07/14 16:06:30 ZEBRA: [YKHB9-ND03T] BE-client: msg_conn_send_msg: can't send message on closed connection
2026/07/14 16:06:30 ZEBRA: [GK6BW-E28RD] NB_OP_CHANGE: oper_walk_done: ERROR: Error sending notification message for path: /frr-interface:lib/interface[name="dummy0"]/state
2026/07/14 16:06:30 ZEBRA: [X0ASY-1BHSQ] NB_OP_CHANGE: oper_walk_done: ERROR: Error notifying for datastore path: /frr-interface:lib/interface[name="dummy0"]/state: generic error
2026/07/14 16:06:30 ZEBRA: [YKHB9-ND03T] BE-client: msg_conn_send_msg: can't send message on closed connection
2026/07/14 16:06:30 ZEBRA: [GK6BW-E28RD] NB_OP_CHANGE: oper_walk_done: ERROR: Error sending notification message for path: /frr-interface:lib/interface[name="dummy0"]/state
2026/07/14 16:06:30 ZEBRA: [X0ASY-1BHSQ] NB_OP_CHANGE: oper_walk_done: ERROR: Error notifying for datastore path: /frr-interface:lib/interface[name="dummy0"]/state: generic error
2026/07/14 16:06:30 ZEBRA: [YKHB9-ND03T] BE-client: msg_conn_send_msg: can't send message on closed connection
2026/07/14 16:06:30 ZEBRA: [GK6BW-E28RD] NB_OP_CHANGE: oper_walk_done: ERROR: Error sending notification message for path: /frr-interface:lib/interface[name="dummy0"]/state
2026/07/14 16:06:30 ZEBRA: [X0ASY-1BHSQ] NB_OP_CHANGE: oper_walk_done: ERROR: Error notifying for datastore path: /frr-interface:lib/interface[name="dummy0"]/state: generic error
2026/07/14 16:06:30 ZEBRA: [YKHB9-ND03T] BE-client: msg_conn_send_msg: can't send message on closed connection
2026/07/14 16:06:30 ZEBRA: [GK6BW-E28RD] NB_OP_CHANGE: oper_walk_done: ERROR: Error sending notification message for path: /frr-interface:lib/interface[name="dummy0"]/state
2026/07/14 16:06:30 ZEBRA: [X0ASY-1BHSQ] NB_OP_CHANGE: oper_walk_done: ERROR: Error notifying for datastore path: /frr-interface:lib/interface[name="dummy0"]/state: generic error
2026/07/14 16:06:30 ZEBRA: [YKHB9-ND03T] BE-client: msg_conn_send_msg: can't send message on closed connection
2026/07/14 16:06:30 ZEBRA: [GK6BW-E28RD] NB_OP_CHANGE: oper_walk_done: ERROR: Error sending notification message for path: /frr-interface:lib/interface[name="dummy0"]/state
2026/07/14 16:06:30 ZEBRA: [X0ASY-1BHSQ] NB_OP_CHANGE: oper_walk_done: ERROR: Error notifying for datastore path: /frr-interface:lib/interface[name="dummy0"]/state: generic error
2026/07/14 16:06:30 ZEBRA: [YKHB9-ND03T] BE-client: msg_conn_send_msg: can't send message on closed connection
2026/07/14 16:06:30 ZEBRA: [GK6BW-E28RD] NB_OP_CHANGE: oper_walk_done: ERROR: Error sending notification message for path: /frr-interface:lib/interface[name="dummy0"]/state
2026/07/14 16:06:30 ZEBRA: [X0ASY-1BHSQ] NB_OP_CHANGE: oper_walk_done: ERROR: Error notifying for datastore path: /frr-interface:lib/interface[name="dummy0"]/state: generic error
2026/07/14 16:06:30 ZEBRA: [YKHB9-ND03T] BE-client: msg_conn_send_msg: can't send message on closed connection
2026/07/14 16:06:30 ZEBRA: [GK6BW-E28RD] NB_OP_CHANGE: oper_walk_done: ERROR: Error sending notification message for path: /frr-interface:lib/interface[name="dummy0"]/state
2026/07/14 16:06:30 ZEBRA: [X0ASY-1BHSQ] NB_OP_CHANGE: oper_walk_done: ERROR: Error notifying for datastore path: /frr-interface:lib/interface[name="dummy0"]/state: generic error
2026/07/14 16:06:30 ZEBRA: [YKHB9-ND03T] BE-client: msg_conn_send_msg: can't send message on closed connection
2026/07/14 16:06:30 ZEBRA: [GK6BW-E28RD] NB_OP_CHANGE: oper_walk_done: ERROR: Error sending notification message for path: /frr-interface:lib/interface[name="dummy0"]/state
2026/07/14 16:06:30 ZEBRA: [X0ASY-1BHSQ] NB_OP_CHANGE: oper_walk_done: ERROR: Error notifying for datastore path: /frr-interface:lib/interface[name="dummy0"]/state: generic error
2026/07/14 16:06:30 ZEBRA: [YKHB9-ND03T] BE-client: msg_conn_send_msg: can't send message on closed connection
2026/07/14 16:06:30 ZEBRA: [GK6BW-E28RD] NB_OP_CHANGE: oper_walk_done: ERROR: Error sending notification message for path: /frr-interface:lib/interface[name="dummy0"]/state
2026/07/14 16:06:30 ZEBRA: [X0ASY-1BHSQ] NB_OP_CHANGE: oper_walk_done: ERROR: Error notifying for datastore path: /frr-interface:lib/interface[name="dummy0"]/state: generic error
2026/07/14 16:06:30 ZEBRA: [YKHB9-ND03T] BE-client: msg_conn_send_msg: can't send message on closed connection
2026/07/14 16:06:30 ZEBRA: [GK6BW-E28RD] NB_OP_CHANGE: oper_walk_done: ERROR: Error sending notification message for path: /frr-interface:lib/interface[name="dummy0"]/state
2026/07/14 16:06:30 ZEBRA: [X0ASY-1BHSQ] NB_OP_CHANGE: oper_walk_done: ERROR: Error notifying for datastore path: /frr-interface:lib/interface[name="dummy0"]/state: generic error
2026/07/14 16:06:30 ZEBRA: [YKHB9-ND03T] BE-client: msg_conn_send_msg: can't send message on closed connection
2026/07/14 16:06:30 ZEBRA: [GK6BW-E28RD] NB_OP_CHANGE: oper_walk_done: ERROR: Error sending notification message for path: /frr-interface:lib/interface[name="dummy0"]/state
2026/07/14 16:06:30 ZEBRA: [X0ASY-1BHSQ] NB_OP_CHANGE: oper_walk_done: ERROR: Error notifying for datastore path: /frr-interface:lib/interface[name="dummy0"]/state: generic error
2026/07/14 16:06:30 ZEBRA: [YKHB9-ND03T] BE-client: msg_conn_send_msg: can't send message on closed connection
2026/07/14 16:06:30 ZEBRA: [GK6BW-E28RD] NB_OP_CHANGE: oper_walk_done: ERROR: Error sending notification message for path: /frr-interface:lib/interface[name="dummy0"]/state
2026/07/14 16:06:30 ZEBRA: [X0ASY-1BHSQ] NB_OP_CHANGE: oper_walk_done: ERROR: Error notifying for datastore path: /frr-interface:lib/interface[name="dummy0"]/state: generic error
2026/07/14 16:06:30 ZEBRA: [YKHB9-ND03T] BE-client: msg_conn_send_msg: can't send message on closed connection
2026/07/14 16:06:30 ZEBRA: [GK6BW-E28RD] NB_OP_CHANGE: oper_walk_done: ERROR: Error sending notification message for path: /frr-interface:lib/interface[name="dummy0"]/state
2026/07/14 16:06:30 ZEBRA: [X0ASY-1BHSQ] NB_OP_CHANGE: oper_walk_done: ERROR: Error notifying for datastore path: /frr-interface:lib/interface[name="dummy0"]/state: generic error
2026/07/14 16:06:30 ZEBRA: [YKHB9-ND03T] BE-client: msg_conn_send_msg: can't send message on closed connection
2026/07/14 16:06:30 ZEBRA: [GK6BW-E28RD] NB_OP_CHANGE: oper_walk_done: ERROR: Error sending notification message for path: /frr-interface:lib/interface[name="dummy0"]/state
2026/07/14 16:06:30 ZEBRA: [X0ASY-1BHSQ] NB_OP_CHANGE: oper_walk_done: ERROR: Error notifying for datastore path: /frr-interface:lib/interface[name="dummy0"]/state: generic error
2026/07/14 16:06:30 ZEBRA: [YKHB9-ND03T] BE-client: msg_conn_send_msg: can't send message on closed connection
2026/07/14 16:06:30 ZEBRA: [GK6BW-E28RD] NB_OP_CHANGE: oper_walk_done: ERROR: Error sending notification message for path: /frr-interface:lib/interface[name="dummy0"]/state
2026/07/14 16:06:30 ZEBRA: [X0ASY-1BHSQ] NB_OP_CHANGE: oper_walk_done: ERROR: Error notifying for datastore path: /frr-interface:lib/interface[name="dummy0"]/state: generic error
2026/07/14 16:06:30 ZEBRA: [YKHB9-ND03T] BE-client: msg_conn_send_msg: can't send message on closed connection
2026/07/14 16:06:30 ZEBRA: [GK6BW-E28RD] NB_OP_CHANGE: oper_walk_done: ERROR: Error sending notification message for path: /frr-interface:lib/interface[name="dummy0"]/state
2026/07/14 16:06:30 ZEBRA: [X0ASY-1BHSQ] NB_OP_CHANGE: oper_walk_done: ERROR: Error notifying for datastore path: /frr-interface:lib/interface[name="dummy0"]/state: generic error
2026/07/14 16:06:30 ZEBRA: [YKHB9-ND03T] BE-client: msg_conn_send_msg: can't send message on closed connection
2026/07/14 16:06:30 ZEBRA: [GK6BW-E28RD] NB_OP_CHANGE: oper_walk_done: ERROR: Error sending notification message for path: /frr-interface:lib/interface[name="dummy0"]/state
2026/07/14 16:06:30 ZEBRA: [X0ASY-1BHSQ] NB_OP_CHANGE: oper_walk_done: ERROR: Error notifying for datastore path: /frr-interface:lib/interface[name="dummy0"]/state: generic error
2026/07/14 16:06:30 ZEBRA: [YKHB9-ND03T] BE-client: msg_conn_send_msg: can't send message on closed connection
2026/07/14 16:06:30 ZEBRA: [GK6BW-E28RD] NB_OP_CHANGE: oper_walk_done: ERROR: Error sending notification message for path: /frr-interface:lib/interface[name="dummy0"]/state
2026/07/14 16:06:30 ZEBRA: [X0ASY-1BHSQ] NB_OP_CHANGE: oper_walk_done: ERROR: Error notifying for datastore path: /frr-interface:lib/interface[name="dummy0"]/state: generic error
2026/07/14 16:06:30 ZEBRA: [YKHB9-ND03T] BE-client: msg_conn_send_msg: can't send message on closed connection
2026/07/14 16:06:30 ZEBRA: [GK6BW-E28RD] NB_OP_CHANGE: oper_walk_done: ERROR: Error sending notification message for path: /frr-interface:lib/interface[name="dummy0"]/state
2026/07/14 16:06:30 ZEBRA: [X0ASY-1BHSQ] NB_OP_CHANGE: oper_walk_done: ERROR: Error notifying for datastore path: /frr-interface:lib/interface[name="dummy0"]/state: generic error
2026/07/14 16:06:30 ZEBRA: [YKHB9-ND03T] BE-client: msg_conn_send_msg: can't send message on closed connection
2026/07/14 16:06:30 ZEBRA: [GK6BW-E28RD] NB_OP_CHANGE: oper_walk_done: ERROR: Error sending notification message for path: /frr-interface:lib/interface[name="dummy0"]/state
2026/07/14 16:06:30 ZEBRA: [X0ASY-1BHSQ] NB_OP_CHANGE: oper_walk_done: ERROR: Error notifying for datastore path: /frr-interface:lib/interface[name="dummy0"]/state: generic error
2026/07/14 16:06:30 ZEBRA: [YKHB9-ND03T] BE-client: msg_conn_send_msg: can't send message on closed connection
2026/07/14 16:06:30 ZEBRA: [GK6BW-E28RD] NB_OP_CHANGE: oper_walk_done: ERROR: Error sending notification message for path: /frr-interface:lib/interface[name="dummy0"]/state
2026/07/14 16:06:30 ZEBRA: [X0ASY-1BHSQ] NB_OP_CHANGE: oper_walk_done: ERROR: Error notifying for datastore path: /frr-interface:lib/interface[name="dummy0"]/state: generic error
2026/07/14 16:06:30 ZEBRA: [YKHB9-ND03T] BE-client: msg_conn_send_msg: can't send message on closed connection
2026/07/14 16:06:30 ZEBRA: [GK6BW-E28RD] NB_OP_CHANGE: oper_walk_done: ERROR: Error sending notification message for path: /frr-interface:lib/interface[name="dummy0"]/state
2026/07/14 16:06:30 ZEBRA: [X0ASY-1BHSQ] NB_OP_CHANGE: oper_walk_done: ERROR: Error notifying for datastore path: /frr-interface:lib/interface[name="dummy0"]/state: generic error
2026/07/14 16:06:31 ZEBRA: [YKHB9-ND03T] BE-client: msg_conn_send_msg: can't send message on closed connection
2026/07/14 16:06:31 ZEBRA: [GK6BW-E28RD] NB_OP_CHANGE: oper_walk_done: ERROR: Error sending notification message for path: /frr-interface:lib/interface[name="dummy0"]/state
2026/07/14 16:06:31 ZEBRA: [X0ASY-1BHSQ] NB_OP_CHANGE: oper_walk_done: ERROR: Error notifying for datastore path: /frr-interface:lib/interface[name="dummy0"]/state: generic error
2026/07/14 16:06:31 ZEBRA: [KMXEB-K771Y] netlink_parse_info: netlink-listen (NS 0) type RTM_NEWROUTE(24), len=52, seq=1784045192, pid=1169
2026/07/14 16:06:31 ZEBRA: [SKNFJ-G938V] RTM_NEWROUTE ipv4 unicast proto  NS 0
2026/07/14 16:06:31 ZEBRA: [KK45E-M1J2F] RTM_NEWROUTE 192.0.2.99/32 nsid: 0 table_id: 198 metric: 0 Admin Distance: 0
2026/07/14 16:06:31 ZEBRA: [K2A4T-TS83H] RTM_NEWROUTE 192.0.2.99/32 vrf default(0) table_id: 198 metric: 0 Admin Distance: 0
2026/07/14 16:06:31 ZEBRA: [T2HSD-H1D49] Route 192.0.2.99/32(default:unicast) (add) queued for processing into sub-queue Early Route Processing mq size 1
2026/07/14 16:06:31 ZEBRA: [KMXEB-K771Y] netlink_parse_info: netlink-listen (NS 0) type RTM_NEWROUTE(24), len=60, seq=0, pid=0
2026/07/14 16:06:31 ZEBRA: [SKNFJ-G938V] RTM_NEWROUTE ipv4 local proto kernel NS 0
2026/07/14 16:06:31 ZEBRA: [J3J81-V75NW] Route rtm_type: local(2) intentionally ignoring
2026/07/14 16:06:31 ZEBRA: [KMXEB-K771Y] netlink_parse_info: netlink-dp-in (NS 0) type RTM_NEWADDR(20), len=80, seq=1784045192, pid=1170
2026/07/14 16:06:31 ZEBRA: [RGWF1-EHXT1] netlink_interface_addr_dplane: RTM_NEWADDR nsid 0 ifindex 3 flags 0x80:
2026/07/14 16:06:31 ZEBRA: [XMC8C-4ZFJ9]   IFA_LOCAL     192.0.2.99/32
2026/07/14 16:06:31 ZEBRA: [ME3M2-X6YT9]   IFA_ADDRESS   192.0.2.99/32
2026/07/14 16:06:31 ZEBRA: [Y9HR3-XD5TG]   IFA_LABEL     dummy0
2026/07/14 16:06:31 ZEBRA: [P2VPT-508WP]   IFA_CACHEINFO pref -1, valid -1
2026/07/14 16:06:31 ZEBRA: [K8FXY-V65ZJ] Intf dplane ctx 0x7f0580027140, op INTF_ADDR_ADD, ifindex (3), result QUEUED
2026/07/14 16:06:31 ZEBRA: [MZPZA-W042K] zebra_if_addr_update_ctx: INTF_ADDR_ADD: ifindex dummy0(3), addr 192.0.2.99/32
2026/07/14 16:06:31 ZEBRA: [NBGDS-5ZDQ9] MESSAGE: ZEBRA_INTERFACE_ADDRESS_ADD 192.0.2.99/32 on dummy0 vrf default(0)
2026/07/14 16:06:31 ZEBRA: [KT7ER-TZD46] Route 192.0.2.99/32(default:unicast) type kernel(1) removed from early route queue
2026/07/14 16:06:31 ZEBRA: [T2HSD-H1D49] Route 192.0.2.99/32(default:unicast) (add) queued for processing into sub-queue Early Route Processing mq size 1
2026/07/14 16:06:31 ZEBRA: [T2HSD-H1D49] Route 192.0.2.99/32(default:multicast) (add) queued for processing into sub-queue Early Route Processing mq size 2
2026/07/14 16:06:31 ZEBRA: [T2HSD-H1D49] Route 192.0.2.99/32(default:unicast) (add) queued for processing into sub-queue Early Route Processing mq size 3
2026/07/14 16:06:31 ZEBRA: [T2HSD-H1D49] Route 192.0.2.99/32(default:multicast) (add) queued for processing into sub-queue Early Route Processing mq size 4
2026/07/14 16:06:31 ZEBRA: [YKHB9-ND03T] BE-client: msg_conn_send_msg: can't send message on closed connection
2026/07/14 16:06:31 ZEBRA: [GK6BW-E28RD] NB_OP_CHANGE: oper_walk_done: ERROR: Error sending notification message for path: /frr-interface:lib/interface[name="dummy0"]/state
2026/07/14 16:06:31 ZEBRA: [X0ASY-1BHSQ] NB_OP_CHANGE: oper_walk_done: ERROR: Error notifying for datastore path: /frr-interface:lib/interface[name="dummy0"]/state: generic error
2026/07/14 16:06:31 ZEBRA: [SJ6HS-F486Q] process_subq_early_route_add: (default:?):192.0.2.99/32: Inserting route rn 0x1588180, re 0x15873e0 (connected/IPv4/unicast) existing 0x0, same_count 0
2026/07/14 16:06:31 ZEBRA: [Q4T2G-E2SQF] process_subq_early_route_add: dumping RE entry 0x15873e0 for 192.0.2.99/32 vrf default(0)
2026/07/14 16:06:31 ZEBRA: [K32P5-SH2K9] 192.0.2.99/32(default): uptime == 6478194, type == 2, instance == 0, table == 254
2026/07/14 16:06:31 ZEBRA: [GQ29C-F43AX] 192.0.2.99/32(default): metric == 0, mtu == 0, distance == 0, flags == None status == None 
2026/07/14 16:06:31 ZEBRA: [R84HW-Y2BKD] 192.0.2.99/32(default): tag == 0, nexthop_num == 1, nexthop_active_num == 0
2026/07/14 16:06:31 ZEBRA: [KY41R-H81KW] 192.0.2.99/32(default): NH dummy0[dummy0:3] vrf default(0) wgt 1, with flags 
2026/07/14 16:06:31 ZEBRA: [VHS8D-STZWZ] 192.0.2.99/32(default): dump complete
2026/07/14 16:06:31 ZEBRA: [TZ6SQ-ZTMJ5] rib_link: (default:?):192.0.2.99/32: rn 0x1588180 adding dest
2026/07/14 16:06:31 ZEBRA: [W3XNK-8CC35] rib_meta_queue_add: (default:254):192.0.2.99/32: queued rn 0x1588180 into sub-queue Connected Routes mq size 5
2026/07/14 16:06:31 ZEBRA: [SJ6HS-F486Q] process_subq_early_route_add: (default:?):192.0.2.99/32 (MRIB): Inserting route rn 0x1588220, re 0x1585d80 (connected/IPv4/multicast) existing 0x0, same_count 0
2026/07/14 16:06:31 ZEBRA: [Q4T2G-E2SQF] process_subq_early_route_add: dumping RE entry 0x1585d80 for 192.0.2.99/32 vrf default(0)
2026/07/14 16:06:31 ZEBRA: [K32P5-SH2K9] 192.0.2.99/32(default): uptime == 6478194, type == 2, instance == 0, table == 254
2026/07/14 16:06:31 ZEBRA: [GQ29C-F43AX] 192.0.2.99/32(default): metric == 0, mtu == 0, distance == 0, flags == None status == None 
2026/07/14 16:06:31 ZEBRA: [R84HW-Y2BKD] 192.0.2.99/32(default): tag == 0, nexthop_num == 1, nexthop_active_num == 0
2026/07/14 16:06:31 ZEBRA: [KY41R-H81KW] 192.0.2.99/32(default): NH dummy0[dummy0:3] vrf default(0) wgt 1, with flags 
2026/07/14 16:06:31 ZEBRA: [VHS8D-STZWZ] 192.0.2.99/32(default): dump complete
2026/07/14 16:06:31 ZEBRA: [TZ6SQ-ZTMJ5] rib_link: (default:?):192.0.2.99/32 (MRIB): rn 0x1588220 adding dest
2026/07/14 16:06:31 ZEBRA: [W3XNK-8CC35] rib_meta_queue_add: (default:254):192.0.2.99/32 (MRIB): queued rn 0x1588220 into sub-queue Connected Routes mq size 5
2026/07/14 16:06:31 ZEBRA: [SJ6HS-F486Q] process_subq_early_route_add: (default:254):192.0.2.99/32: Inserting route rn 0x1588180, re 0x15875c0 (local/IPv4/unicast) existing 0x0, same_count 0
2026/07/14 16:06:31 ZEBRA: [Q4T2G-E2SQF] process_subq_early_route_add: dumping RE entry 0x15875c0 for 192.0.2.99/32 vrf default(0)
2026/07/14 16:06:31 ZEBRA: [K32P5-SH2K9] 192.0.2.99/32(default): uptime == 6478194, type == 3, instance == 0, table == 254
2026/07/14 16:06:31 ZEBRA: [GQ29C-F43AX] 192.0.2.99/32(default): metric == 0, mtu == 0, distance == 0, flags == None status == None 
2026/07/14 16:06:31 ZEBRA: [R84HW-Y2BKD] 192.0.2.99/32(default): tag == 0, nexthop_num == 1, nexthop_active_num == 0
2026/07/14 16:06:31 ZEBRA: [KY41R-H81KW] 192.0.2.99/32(default): NH dummy0[dummy0:3] vrf default(0) wgt 1, with flags 
2026/07/14 16:06:31 ZEBRA: [VHS8D-STZWZ] 192.0.2.99/32(default): dump complete
2026/07/14 16:06:31 ZEBRA: [GW4S4-NE28R] rib_meta_queue_add: (default:254):192.0.2.99/32: rn 0x1588180 is already queued in sub-queue Connected Routes
2026/07/14 16:06:31 ZEBRA: [SJ6HS-F486Q] process_subq_early_route_add: (default:254):192.0.2.99/32 (MRIB): Inserting route rn 0x1588220, re 0x15878d0 (local/IPv4/multicast) existing 0x0, same_count 0
2026/07/14 16:06:31 ZEBRA: [Q4T2G-E2SQF] process_subq_early_route_add: dumping RE entry 0x15878d0 for 192.0.2.99/32 vrf default(0)
2026/07/14 16:06:31 ZEBRA: [K32P5-SH2K9] 192.0.2.99/32(default): uptime == 6478194, type == 3, instance == 0, table == 254
2026/07/14 16:06:31 ZEBRA: [GQ29C-F43AX] 192.0.2.99/32(default): metric == 0, mtu == 0, distance == 0, flags == None status == None 
2026/07/14 16:06:31 ZEBRA: [R84HW-Y2BKD] 192.0.2.99/32(default): tag == 0, nexthop_num == 1, nexthop_active_num == 0
2026/07/14 16:06:31 ZEBRA: [KY41R-H81KW] 192.0.2.99/32(default): NH dummy0[dummy0:3] vrf default(0) wgt 1, with flags 
2026/07/14 16:06:31 ZEBRA: [VHS8D-STZWZ] 192.0.2.99/32(default): dump complete
2026/07/14 16:06:31 ZEBRA: [GW4S4-NE28R] rib_meta_queue_add: (default:254):192.0.2.99/32 (MRIB): rn 0x1588220 is already queued in sub-queue Connected Routes
2026/07/14 16:06:31 ZEBRA: [WYX2S-4PN9G] default(0:254:1):192.0.2.99/32: Processing rn 0x1588180
2026/07/14 16:06:31 ZEBRA: [KJ5DQ-3PGDB] default(0:254:1):192.0.2.99/32: Examine re 0x15875c0 (local) status: Changed flags: None dist 0 metric 0
2026/07/14 16:06:31 ZEBRA: [KJ5DQ-3PGDB] default(0:254:1):192.0.2.99/32: Examine re 0x15873e0 (connected) status: Changed flags: None dist 0 metric 0
2026/07/14 16:06:31 ZEBRA: [P9ZB1-6NJZM] default(0:254:1):192.0.2.99/32: After processing: old_selected 0x0 new_selected 0x15873e0 old_fib 0x0 new_fib 0x15873e0
2026/07/14 16:06:31 ZEBRA: [ZFRN1-EZNJZ] default(0:254):192.0.2.99/32: Adding route rn 0x1588180, re 0x15873e0 (connected)
2026/07/14 16:06:31 ZEBRA: [HH6N2-PDCJS] default(0:254):192.0.2.99/32 rn 0x1588180 dequeued from sub-queue Connected Routes
2026/07/14 16:06:31 ZEBRA: [WYX2S-4PN9G] default(0:254:2):192.0.2.99/32: Processing rn 0x1588220
2026/07/14 16:06:31 ZEBRA: [KJ5DQ-3PGDB] default(0:254:2):192.0.2.99/32: Examine re 0x15878d0 (local) status: Changed flags: None dist 0 metric 0
2026/07/14 16:06:31 ZEBRA: [KJ5DQ-3PGDB] default(0:254:2):192.0.2.99/32: Examine re 0x1585d80 (connected) status: Changed flags: None dist 0 metric 0
2026/07/14 16:06:31 ZEBRA: [P9ZB1-6NJZM] default(0:254:2):192.0.2.99/32: After processing: old_selected 0x0 new_selected 0x1585d80 old_fib 0x0 new_fib 0x1585d80
2026/07/14 16:06:31 ZEBRA: [ZFRN1-EZNJZ] default(0:254):192.0.2.99/32: Adding route rn 0x1588220, re 0x1585d80 (connected)
2026/07/14 16:06:31 ZEBRA: [HH6N2-PDCJS] default(0:254):192.0.2.99/32 rn 0x1588220 dequeued from sub-queue Connected Routes
2026/07/14 16:06:31 ZEBRA: [GHWHS-ZKQM5] update_from_ctx: default(0:254):192.0.2.99/32: SELECTED, re 0x15873e0
2026/07/14 16:06:31 ZEBRA: [N0FHW-P3C0S] default(0:254):192.0.2.99/32 update_from_ctx()
2026/07/14 16:06:31 ZEBRA: [HKQXC-4STSK] default(0:254):192.0.2.99/32 update_from_ctx(): rib nhg matched, changed 'false'
2026/07/14 16:06:31 ZEBRA: [Z1MP1-RFGJA] (0:254):192.0.2.99/32(0): Redist update re 0x15873e0 (connected), old 0x0 (None)
2026/07/14 16:06:31 ZEBRA: [GHWHS-ZKQM5] update_from_ctx: default(0:254):192.0.2.99/32: SELECTED, re 0x1585d80
2026/07/14 16:06:31 ZEBRA: [N0FHW-P3C0S] default(0:254):192.0.2.99/32 update_from_ctx()
2026/07/14 16:06:31 ZEBRA: [HKQXC-4STSK] default(0:254):192.0.2.99/32 update_from_ctx(): rib nhg matched, changed 'false'
2026/07/14 16:06:31 ZEBRA: [Z1MP1-RFGJA] (0:254):192.0.2.99/32(0): Redist update re 0x1585d80 (connected), old 0x0 (None)
2026/07/14 16:06:31 ZEBRA: [YKHB9-ND03T] BE-client: msg_conn_send_msg: can't send message on closed connection
2026/07/14 16:06:31 ZEBRA: [GK6BW-E28RD] NB_OP_CHANGE: oper_walk_done: ERROR: Error sending notification message for path: /frr-interface:lib/interface[name="dummy0"]/state
2026/07/14 16:06:31 ZEBRA: [X0ASY-1BHSQ] NB_OP_CHANGE: oper_walk_done: ERROR: Error notifying for datastore path: /frr-interface:lib/interface[name="dummy0"]/state: generic error
2026/07/14 16:06:31 ZEBRA: [YKHB9-ND03T] BE-client: msg_conn_send_msg: can't send message on closed connection
2026/07/14 16:06:31 ZEBRA: [GK6BW-E28RD] NB_OP_CHANGE: oper_walk_done: ERROR: Error sending notification message for path: /frr-interface:lib/interface[name="dummy0"]/state
2026/07/14 16:06:31 ZEBRA: [X0ASY-1BHSQ] NB_OP_CHANGE: oper_walk_done: ERROR: Error notifying for datastore path: /frr-interface:lib/interface[name="dummy0"]/state: generic error
2026/07/14 16:06:31 ZEBRA: [YKHB9-ND03T] BE-client: msg_conn_send_msg: can't send message on closed connection
2026/07/14 16:06:31 ZEBRA: [GK6BW-E28RD] NB_OP_CHANGE: oper_walk_done: ERROR: Error sending notification message for path: /frr-interface:lib/interface[name="dummy0"]/state
2026/07/14 16:06:31 ZEBRA: [X0ASY-1BHSQ] NB_OP_CHANGE: oper_walk_done: ERROR: Error notifying for datastore path: /frr-interface:lib/interface[name="dummy0"]/state: generic error
2026/07/14 16:06:31 ZEBRA: [YKHB9-ND03T] BE-client: msg_conn_send_msg: can't send message on closed connection
2026/07/14 16:06:31 ZEBRA: [GK6BW-E28RD] NB_OP_CHANGE: oper_walk_done: ERROR: Error sending notification message for path: /frr-interface:lib/interface[name="dummy0"]/state
2026/07/14 16:06:31 ZEBRA: [X0ASY-1BHSQ] NB_OP_CHANGE: oper_walk_done: ERROR: Error notifying for datastore path: /frr-interface:lib/interface[name="dummy0"]/state: generic error
2026/07/14 16:06:31 ZEBRA: [YKHB9-ND03T] BE-client: msg_conn_send_msg: can't send message on closed connection
2026/07/14 16:06:31 ZEBRA: [GK6BW-E28RD] NB_OP_CHANGE: oper_walk_done: ERROR: Error sending notification message for path: /frr-interface:lib/interface[name="dummy0"]/state
2026/07/14 16:06:31 ZEBRA: [X0ASY-1BHSQ] NB_OP_CHANGE: oper_walk_done: ERROR: Error notifying for datastore path: /frr-interface:lib/interface[name="dummy0"]/state: generic error
2026/07/14 16:06:31 ZEBRA: [YKHB9-ND03T] BE-client: msg_conn_send_msg: can't send message on closed connection
2026/07/14 16:06:31 ZEBRA: [GK6BW-E28RD] NB_OP_CHANGE: oper_walk_done: ERROR: Error sending notification message for path: /frr-interface:lib/interface[name="dummy0"]/state
2026/07/14 16:06:31 ZEBRA: [X0ASY-1BHSQ] NB_OP_CHANGE: oper_walk_done: ERROR: Error notifying for datastore path: /frr-interface:lib/interface[name="dummy0"]/state: generic error
2026/07/14 16:06:31 ZEBRA: [YKHB9-ND03T] BE-client: msg_conn_send_msg: can't send message on closed connection
2026/07/14 16:06:31 ZEBRA: [GK6BW-E28RD] NB_OP_CHANGE: oper_walk_done: ERROR: Error sending notification message for path: /frr-interface:lib/interface[name="dummy0"]/state
2026/07/14 16:06:31 ZEBRA: [X0ASY-1BHSQ] NB_OP_CHANGE: oper_walk_done: ERROR: Error notifying for datastore path: /frr-interface:lib/interface[name="dummy0"]/state: generic error
2026/07/14 16:06:31 ZEBRA: [YKHB9-ND03T] BE-client: msg_conn_send_msg: can't send message on closed connection
2026/07/14 16:06:31 ZEBRA: [GK6BW-E28RD] NB_OP_CHANGE: oper_walk_done: ERROR: Error sending notification message for path: /frr-interface:lib/interface[name="dummy0"]/state
2026/07/14 16:06:31 ZEBRA: [X0ASY-1BHSQ] NB_OP_CHANGE: oper_walk_done: ERROR: Error notifying for datastore path: /frr-interface:lib/interface[name="dummy0"]/state: generic error
2026/07/14 16:06:31 ZEBRA: [YKHB9-ND03T] BE-client: msg_conn_send_msg: can't send message on closed connection
2026/07/14 16:06:31 ZEBRA: [GK6BW-E28RD] NB_OP_CHANGE: oper_walk_done: ERROR: Error sending notification message for path: /frr-interface:lib/interface[name="dummy0"]/state
2026/07/14 16:06:31 ZEBRA: [X0ASY-1BHSQ] NB_OP_CHANGE: oper_walk_done: ERROR: Error notifying for datastore path: /frr-interface:lib/interface[name="dummy0"]/state: generic error
2026/07/14 16:06:31 ZEBRA: [YKHB9-ND03T] BE-client: msg_conn_send_msg: can't send message on closed connection
2026/07/14 16:06:31 ZEBRA: [GK6BW-E28RD] NB_OP_CHANGE: oper_walk_done: ERROR: Error sending notification message for path: /frr-interface:lib/interface[name="dummy0"]/state
2026/07/14 16:06:31 ZEBRA: [X0ASY-1BHSQ] NB_OP_CHANGE: oper_walk_done: ERROR: Error notifying for datastore path: /frr-interface:lib/interface[name="dummy0"]/state: generic error
2026/07/14 16:06:31 ZEBRA: [YKHB9-ND03T] BE-client: msg_conn_send_msg: can't send message on closed connection
2026/07/14 16:06:31 ZEBRA: [GK6BW-E28RD] NB_OP_CHANGE: oper_walk_done: ERROR: Error sending notification message for path: /frr-interface:lib/interface[name="dummy0"]/state
2026/07/14 16:06:31 ZEBRA: [X0ASY-1BHSQ] NB_OP_CHANGE: oper_walk_done: ERROR: Error notifying for datastore path: /frr-interface:lib/interface[name="dummy0"]/state: generic error
2026/07/14 16:06:31 ZEBRA: [YKHB9-ND03T] BE-client: msg_conn_send_msg: can't send message on closed connection
2026/07/14 16:06:31 ZEBRA: [GK6BW-E28RD] NB_OP_CHANGE: oper_walk_done: ERROR: Error sending notification message for path: /frr-interface:lib/interface[name="dummy0"]/state
2026/07/14 16:06:31 ZEBRA: [X0ASY-1BHSQ] NB_OP_CHANGE: oper_walk_done: ERROR: Error notifying for datastore path: /frr-interface:lib/interface[name="dummy0"]/state: generic error
2026/07/14 16:06:31 ZEBRA: [YKHB9-ND03T] BE-client: msg_conn_send_msg: can't send message on closed connection
2026/07/14 16:06:31 ZEBRA: [GK6BW-E28RD] NB_OP_CHANGE: oper_walk_done: ERROR: Error sending notification message for path: /frr-interface:lib/interface[name="dummy0"]/state
2026/07/14 16:06:31 ZEBRA: [X0ASY-1BHSQ] NB_OP_CHANGE: oper_walk_done: ERROR: Error notifying for datastore path: /frr-interface:lib/interface[name="dummy0"]/state: generic error
2026/07/14 16:06:31 ZEBRA: [YKHB9-ND03T] BE-client: msg_conn_send_msg: can't send message on closed connection
2026/07/14 16:06:31 ZEBRA: [GK6BW-E28RD] NB_OP_CHANGE: oper_walk_done: ERROR: Error sending notification message for path: /frr-interface:lib/interface[name="dummy0"]/state
2026/07/14 16:06:31 ZEBRA: [X0ASY-1BHSQ] NB_OP_CHANGE: oper_walk_done: ERROR: Error notifying for datastore path: /frr-interface:lib/interface[name="dummy0"]/state: generic error
2026/07/14 16:06:31 ZEBRA: [YKHB9-ND03T] BE-client: msg_conn_send_msg: can't send message on closed connection
2026/07/14 16:06:31 ZEBRA: [GK6BW-E28RD] NB_OP_CHANGE: oper_walk_done: ERROR: Error sending notification message for path: /frr-interface:lib/interface[name="dummy0"]/state
2026/07/14 16:06:31 ZEBRA: [X0ASY-1BHSQ] NB_OP_CHANGE: oper_walk_done: ERROR: Error notifying for datastore path: /frr-interface:lib/interface[name="dummy0"]/state: generic error
2026/07/14 16:06:31 ZEBRA: [YKHB9-ND03T] BE-client: msg_conn_send_msg: can't send message on closed connection
2026/07/14 16:06:31 ZEBRA: [GK6BW-E28RD] NB_OP_CHANGE: oper_walk_done: ERROR: Error sending notification message for path: /frr-interface:lib/interface[name="dummy0"]/state
2026/07/14 16:06:31 ZEBRA: [X0ASY-1BHSQ] NB_OP_CHANGE: oper_walk_done: ERROR: Error notifying for datastore path: /frr-interface:lib/interface[name="dummy0"]/state: generic error
2026/07/14 16:06:31 ZEBRA: [YKHB9-ND03T] BE-client: msg_conn_send_msg: can't send message on closed connection
2026/07/14 16:06:31 ZEBRA: [GK6BW-E28RD] NB_OP_CHANGE: oper_walk_done: ERROR: Error sending notification message for path: /frr-interface:lib/interface[name="dummy0"]/state
2026/07/14 16:06:31 ZEBRA: [X0ASY-1BHSQ] NB_OP_CHANGE: oper_walk_done: ERROR: Error notifying for datastore path: /frr-interface:lib/interface[name="dummy0"]/state: generic error
2026/07/14 16:06:31 ZEBRA: [YKHB9-ND03T] BE-client: msg_conn_send_msg: can't send message on closed connection
2026/07/14 16:06:31 ZEBRA: [GK6BW-E28RD] NB_OP_CHANGE: oper_walk_done: ERROR: Error sending notification message for path: /frr-interface:lib/interface[name="dummy0"]/state
2026/07/14 16:06:31 ZEBRA: [X0ASY-1BHSQ] NB_OP_CHANGE: oper_walk_done: ERROR: Error notifying for datastore path: /frr-interface:lib/interface[name="dummy0"]/state: generic error
2026/07/14 16:06:31 ZEBRA: [YKHB9-ND03T] BE-client: msg_conn_send_msg: can't send message on closed connection
2026/07/14 16:06:31 ZEBRA: [GK6BW-E28RD] NB_OP_CHANGE: oper_walk_done: ERROR: Error sending notification message for path: /frr-interface:lib/interface[name="dummy0"]/state
2026/07/14 16:06:31 ZEBRA: [X0ASY-1BHSQ] NB_OP_CHANGE: oper_walk_done: ERROR: Error notifying for datastore path: /frr-interface:lib/interface[name="dummy0"]/state: generic error
2026/07/14 16:06:31 ZEBRA: [YKHB9-ND03T] BE-client: msg_conn_send_msg: can't send message on closed connection
2026/07/14 16:06:31 ZEBRA: [GK6BW-E28RD] NB_OP_CHANGE: oper_walk_done: ERROR: Error sending notification message for path: /frr-interface:lib/interface[name="dummy0"]/state
2026/07/14 16:06:31 ZEBRA: [X0ASY-1BHSQ] NB_OP_CHANGE: oper_walk_done: ERROR: Error notifying for datastore path: /frr-interface:lib/interface[name="dummy0"]/state: generic error
2026/07/14 16:06:31 ZEBRA: [YKHB9-ND03T] BE-client: msg_conn_send_msg: can't send message on closed connection
2026/07/14 16:06:31 ZEBRA: [GK6BW-E28RD] NB_OP_CHANGE: oper_walk_done: ERROR: Error sending notification message for path: /frr-interface:lib/interface[name="dummy0"]/state
2026/07/14 16:06:31 ZEBRA: [X0ASY-1BHSQ] NB_OP_CHANGE: oper_walk_done: ERROR: Error notifying for datastore path: /frr-interface:lib/interface[name="dummy0"]/state: generic error
2026/07/14 16:06:31 ZEBRA: [YKHB9-ND03T] BE-client: msg_conn_send_msg: can't send message on closed connection
2026/07/14 16:06:31 ZEBRA: [GK6BW-E28RD] NB_OP_CHANGE: oper_walk_done: ERROR: Error sending notification message for path: /frr-interface:lib/interface[name="dummy0"]/state
2026/07/14 16:06:31 ZEBRA: [X0ASY-1BHSQ] NB_OP_CHANGE: oper_walk_done: ERROR: Error notifying for datastore path: /frr-interface:lib/interface[name="dummy0"]/state: generic error
2026/07/14 16:06:31 ZEBRA: [YKHB9-ND03T] BE-client: msg_conn_send_msg: can't send message on closed connection
2026/07/14 16:06:31 ZEBRA: [GK6BW-E28RD] NB_OP_CHANGE: oper_walk_done: ERROR: Error sending notification message for path: /frr-interface:lib/interface[name="dummy0"]/state
2026/07/14 16:06:31 ZEBRA: [X0ASY-1BHSQ] NB_OP_CHANGE: oper_walk_done: ERROR: Error notifying for datastore path: /frr-interface:lib/interface[name="dummy0"]/state: generic error
2026/07/14 16:06:31 ZEBRA: [YKHB9-ND03T] BE-client: msg_conn_send_msg: can't send message on closed connection
2026/07/14 16:06:31 ZEBRA: [GK6BW-E28RD] NB_OP_CHANGE: oper_walk_done: ERROR: Error sending notification message for path: /frr-interface:lib/interface[name="dummy0"]/state
2026/07/14 16:06:31 ZEBRA: [X0ASY-1BHSQ] NB_OP_CHANGE: oper_walk_done: ERROR: Error notifying for datastore path: /frr-interface:lib/interface[name="dummy0"]/state: generic error
2026/07/14 16:06:31 ZEBRA: [YKHB9-ND03T] BE-client: msg_conn_send_msg: can't send message on closed connection
2026/07/14 16:06:31 ZEBRA: [GK6BW-E28RD] NB_OP_CHANGE: oper_walk_done: ERROR: Error sending notification message for path: /frr-interface:lib/interface[name="dummy0"]/state
2026/07/14 16:06:31 ZEBRA: [X0ASY-1BHSQ] NB_OP_CHANGE: oper_walk_done: ERROR: Error notifying for datastore path: /frr-interface:lib/interface[name="dummy0"]/state: generic error
2026/07/14 16:06:31 ZEBRA: [YKHB9-ND03T] BE-client: msg_conn_send_msg: can't send message on closed connection
2026/07/14 16:06:31 ZEBRA: [GK6BW-E28RD] NB_OP_CHANGE: oper_walk_done: ERROR: Error sending notification message for path: /frr-interface:lib/interface[name="dummy0"]/state
2026/07/14 16:06:31 ZEBRA: [X0ASY-1BHSQ] NB_OP_CHANGE: oper_walk_done: ERROR: Error notifying for datastore path: /frr-interface:lib/interface[name="dummy0"]/state: generic error
2026/07/14 16:06:31 ZEBRA: [YKHB9-ND03T] BE-client: msg_conn_send_msg: can't send message on closed connection
2026/07/14 16:06:31 ZEBRA: [GK6BW-E28RD] NB_OP_CHANGE: oper_walk_done: ERROR: Error sending notification message for path: /frr-interface:lib/interface[name="dummy0"]/state
2026/07/14 16:06:31 ZEBRA: [X0ASY-1BHSQ] NB_OP_CHANGE: oper_walk_done: ERROR: Error notifying for datastore path: /frr-interface:lib/interface[name="dummy0"]/state: generic error
2026/07/14 16:06:31 ZEBRA: [YKHB9-ND03T] BE-client: msg_conn_send_msg: can't send message on closed connection
2026/07/14 16:06:31 ZEBRA: [GK6BW-E28RD] NB_OP_CHANGE: oper_walk_done: ERROR: Error sending notification message for path: /frr-interface:lib/interface[name="dummy0"]/state
2026/07/14 16:06:31 ZEBRA: [X0ASY-1BHSQ] NB_OP_CHANGE: oper_walk_done: ERROR: Error notifying for datastore path: /frr-interface:lib/interface[name="dummy0"]/state: generic error
2026/07/14 16:06:31 ZEBRA: [YKHB9-ND03T] BE-client: msg_conn_send_msg: can't send message on closed connection
2026/07/14 16:06:31 ZEBRA: [GK6BW-E28RD] NB_OP_CHANGE: oper_walk_done: ERROR: Error sending notification message for path: /frr-interface:lib/interface[name="dummy0"]/state
2026/07/14 16:06:31 ZEBRA: [X0ASY-1BHSQ] NB_OP_CHANGE: oper_walk_done: ERROR: Error notifying for datastore path: /frr-interface:lib/interface[name="dummy0"]/state: generic error
2026/07/14 16:06:31 ZEBRA: [YKHB9-ND03T] BE-client: msg_conn_send_msg: can't send message on closed connection
2026/07/14 16:06:31 ZEBRA: [GK6BW-E28RD] NB_OP_CHANGE: oper_walk_done: ERROR: Error sending notification message for path: /frr-interface:lib/interface[name="dummy0"]/state
2026/07/14 16:06:31 ZEBRA: [X0ASY-1BHSQ] NB_OP_CHANGE: oper_walk_done: ERROR: Error notifying for datastore path: /frr-interface:lib/interface[name="dummy0"]/state: generic error
2026/07/14 16:06:31 ZEBRA: [YKHB9-ND03T] BE-client: msg_conn_send_msg: can't send message on closed connection
2026/07/14 16:06:31 ZEBRA: [GK6BW-E28RD] NB_OP_CHANGE: oper_walk_done: ERROR: Error sending notification message for path: /frr-interface:lib/interface[name="dummy0"]/state
2026/07/14 16:06:31 ZEBRA: [X0ASY-1BHSQ] NB_OP_CHANGE: oper_walk_done: ERROR: Error notifying for datastore path: /frr-interface:lib/interface[name="dummy0"]/state: generic error
2026/07/14 16:06:31 ZEBRA: [YKHB9-ND03T] BE-client: msg_conn_send_msg: can't send message on closed connection
2026/07/14 16:06:31 ZEBRA: [GK6BW-E28RD] NB_OP_CHANGE: oper_walk_done: ERROR: Error sending notification message for path: /frr-interface:lib/interface[name="dummy0"]/state
2026/07/14 16:06:31 ZEBRA: [X0ASY-1BHSQ] NB_OP_CHANGE: oper_walk_done: ERROR: Error notifying for datastore path: /frr-interface:lib/interface[name="dummy0"]/state: generic error
2026/07/14 16:06:31 ZEBRA: [YKHB9-ND03T] BE-client: msg_conn_send_msg: can't send message on closed connection
2026/07/14 16:06:31 ZEBRA: [GK6BW-E28RD] NB_OP_CHANGE: oper_walk_done: ERROR: Error sending notification message for path: /frr-interface:lib/interface[name="dummy0"]/state
2026/07/14 16:06:31 ZEBRA: [X0ASY-1BHSQ] NB_OP_CHANGE: oper_walk_done: ERROR: Error notifying for datastore path: /frr-interface:lib/interface[name="dummy0"]/state: generic error
2026/07/14 16:06:31 ZEBRA: [YKHB9-ND03T] BE-client: msg_conn_send_msg: can't send message on closed connection
2026/07/14 16:06:31 ZEBRA: [GK6BW-E28RD] NB_OP_CHANGE: oper_walk_done: ERROR: Error sending notification message for path: /frr-interface:lib/interface[name="dummy0"]/state
2026/07/14 16:06:31 ZEBRA: [X0ASY-1BHSQ] NB_OP_CHANGE: oper_walk_done: ERROR: Error notifying for datastore path: /frr-interface:lib/interface[name="dummy0"]/state: generic error
2026/07/14 16:06:31 ZEBRA: [YKHB9-ND03T] BE-client: msg_conn_send_msg: can't send message on closed connection
2026/07/14 16:06:31 ZEBRA: [GK6BW-E28RD] NB_OP_CHANGE: oper_walk_done: ERROR: Error sending notification message for path: /frr-interface:lib/interface[name="dummy0"]/state
2026/07/14 16:06:31 ZEBRA: [X0ASY-1BHSQ] NB_OP_CHANGE: oper_walk_done: ERROR: Error notifying for datastore path: /frr-interface:lib/interface[name="dummy0"]/state: generic error
2026/07/14 16:06:31 ZEBRA: [YKHB9-ND03T] BE-client: msg_conn_send_msg: can't send message on closed connection
2026/07/14 16:06:31 ZEBRA: [GK6BW-E28RD] NB_OP_CHANGE: oper_walk_done: ERROR: Error sending notification message for path: /frr-interface:lib/interface[name="dummy0"]/state
2026/07/14 16:06:31 ZEBRA: [X0ASY-1BHSQ] NB_OP_CHANGE: oper_walk_done: ERROR: Error notifying for datastore path: /frr-interface:lib/interface[name="dummy0"]/state: generic error
2026/07/14 16:06:31 ZEBRA: [YKHB9-ND03T] BE-client: msg_conn_send_msg: can't send message on closed connection
2026/07/14 16:06:31 ZEBRA: [GK6BW-E28RD] NB_OP_CHANGE: oper_walk_done: ERROR: Error sending notification message for path: /frr-interface:lib/interface[name="dummy0"]/state
2026/07/14 16:06:31 ZEBRA: [X0ASY-1BHSQ] NB_OP_CHANGE: oper_walk_done: ERROR: Error notifying for datastore path: /frr-interface:lib/interface[name="dummy0"]/state: generic error
2026/07/14 16:06:31 ZEBRA: [YKHB9-ND03T] BE-client: msg_conn_send_msg: can't send message on closed connection
2026/07/14 16:06:31 ZEBRA: [GK6BW-E28RD] NB_OP_CHANGE: oper_walk_done: ERROR: Error sending notification message for path: /frr-interface:lib/interface[name="dummy0"]/state
2026/07/14 16:06:31 ZEBRA: [X0ASY-1BHSQ] NB_OP_CHANGE: oper_walk_done: ERROR: Error notifying for datastore path: /frr-interface:lib/interface[name="dummy0"]/state: generic error
2026/07/14 16:06:31 ZEBRA: [YKHB9-ND03T] BE-client: msg_conn_send_msg: can't send message on closed connection
2026/07/14 16:06:31 ZEBRA: [GK6BW-E28RD] NB_OP_CHANGE: oper_walk_done: ERROR: Error sending notification message for path: /frr-interface:lib/interface[name="dummy0"]/state
2026/07/14 16:06:31 ZEBRA: [X0ASY-1BHSQ] NB_OP_CHANGE: oper_walk_done: ERROR: Error notifying for datastore path: /frr-interface:lib/interface[name="dummy0"]/state: generic error
2026/07/14 16:06:31 ZEBRA: [YKHB9-ND03T] BE-client: msg_conn_send_msg: can't send message on closed connection
2026/07/14 16:06:31 ZEBRA: [GK6BW-E28RD] NB_OP_CHANGE: oper_walk_done: ERROR: Error sending notification message for path: /frr-interface:lib/interface[name="dummy0"]/state
2026/07/14 16:06:31 ZEBRA: [X0ASY-1BHSQ] NB_OP_CHANGE: oper_walk_done: ERROR: Error notifying for datastore path: /frr-interface:lib/interface[name="dummy0"]/state: generic error
2026/07/14 16:06:31 ZEBRA: [YKHB9-ND03T] BE-client: msg_conn_send_msg: can't send message on closed connection
2026/07/14 16:06:31 ZEBRA: [GK6BW-E28RD] NB_OP_CHANGE: oper_walk_done: ERROR: Error sending notification message for path: /frr-interface:lib/interface[name="dummy0"]/state
2026/07/14 16:06:31 ZEBRA: [X0ASY-1BHSQ] NB_OP_CHANGE: oper_walk_done: ERROR: Error notifying for datastore path: /frr-interface:lib/interface[name="dummy0"]/state: generic error
2026/07/14 16:06:31 ZEBRA: [YKHB9-ND03T] BE-client: msg_conn_send_msg: can't send message on closed connection
2026/07/14 16:06:31 ZEBRA: [GK6BW-E28RD] NB_OP_CHANGE: oper_walk_done: ERROR: Error sending notification message for path: /frr-interface:lib/interface[name="dummy0"]/state
2026/07/14 16:06:31 ZEBRA: [X0ASY-1BHSQ] NB_OP_CHANGE: oper_walk_done: ERROR: Error notifying for datastore path: /frr-interface:lib/interface[name="dummy0"]/state: generic error
2026/07/14 16:06:31 ZEBRA: [YKHB9-ND03T] BE-client: msg_conn_send_msg: can't send message on closed connection
2026/07/14 16:06:31 ZEBRA: [GK6BW-E28RD] NB_OP_CHANGE: oper_walk_done: ERROR: Error sending notification message for path: /frr-interface:lib/interface[name="dummy0"]/state
2026/07/14 16:06:31 ZEBRA: [X0ASY-1BHSQ] NB_OP_CHANGE: oper_walk_done: ERROR: Error notifying for datastore path: /frr-interface:lib/interface[name="dummy0"]/state: generic error
2026/07/14 16:06:31 ZEBRA: [YKHB9-ND03T] BE-client: msg_conn_send_msg: can't send message on closed connection
2026/07/14 16:06:31 ZEBRA: [GK6BW-E28RD] NB_OP_CHANGE: oper_walk_done: ERROR: Error sending notification message for path: /frr-interface:lib/interface[name="dummy0"]/state
2026/07/14 16:06:31 ZEBRA: [X0ASY-1BHSQ] NB_OP_CHANGE: oper_walk_done: ERROR: Error notifying for datastore path: /frr-interface:lib/interface[name="dummy0"]/state: generic error
2026/07/14 16:06:31 ZEBRA: [YKHB9-ND03T] BE-client: msg_conn_send_msg: can't send message on closed connection
2026/07/14 16:06:31 ZEBRA: [GK6BW-E28RD] NB_OP_CHANGE: oper_walk_done: ERROR: Error sending notification message for path: /frr-interface:lib/interface[name="dummy0"]/state
2026/07/14 16:06:31 ZEBRA: [X0ASY-1BHSQ] NB_OP_CHANGE: oper_walk_done: ERROR: Error notifying for datastore path: /frr-interface:lib/interface[name="dummy0"]/state: generic error
2026/07/14 16:06:31 ZEBRA: [YKHB9-ND03T] BE-client: msg_conn_send_msg: can't send message on closed connection
2026/07/14 16:06:31 ZEBRA: [GK6BW-E28RD] NB_OP_CHANGE: oper_walk_done: ERROR: Error sending notification message for path: /frr-interface:lib/interface[name="dummy0"]/state
2026/07/14 16:06:31 ZEBRA: [X0ASY-1BHSQ] NB_OP_CHANGE: oper_walk_done: ERROR: Error notifying for datastore path: /frr-interface:lib/interface[name="dummy0"]/state: generic error
2026/07/14 16:06:31 ZEBRA: [YKHB9-ND03T] BE-client: msg_conn_send_msg: can't send message on closed connection
2026/07/14 16:06:31 ZEBRA: [GK6BW-E28RD] NB_OP_CHANGE: oper_walk_done: ERROR: Error sending notification message for path: /frr-interface:lib/interface[name="dummy0"]/state
2026/07/14 16:06:31 ZEBRA: [X0ASY-1BHSQ] NB_OP_CHANGE: oper_walk_done: ERROR: Error notifying for datastore path: /frr-interface:lib/interface[name="dummy0"]/state: generic error
2026/07/14 16:06:31 ZEBRA: [YKHB9-ND03T] BE-client: msg_conn_send_msg: can't send message on closed connection
2026/07/14 16:06:31 ZEBRA: [GK6BW-E28RD] NB_OP_CHANGE: oper_walk_done: ERROR: Error sending notification message for path: /frr-interface:lib/interface[name="dummy0"]/state
2026/07/14 16:06:31 ZEBRA: [X0ASY-1BHSQ] NB_OP_CHANGE: oper_walk_done: ERROR: Error notifying for datastore path: /frr-interface:lib/interface[name="dummy0"]/state: generic error
2026/07/14 16:06:31 ZEBRA: [YKHB9-ND03T] BE-client: msg_conn_send_msg: can't send message on closed connection
2026/07/14 16:06:31 ZEBRA: [GK6BW-E28RD] NB_OP_CHANGE: oper_walk_done: ERROR: Error sending notification message for path: /frr-interface:lib/interface[name="dummy0"]/state
2026/07/14 16:06:31 ZEBRA: [X0ASY-1BHSQ] NB_OP_CHANGE: oper_walk_done: ERROR: Error notifying for datastore path: /frr-interface:lib/interface[name="dummy0"]/state: generic error
2026/07/14 16:06:31 ZEBRA: [YKHB9-ND03T] BE-client: msg_conn_send_msg: can't send message on closed connection
2026/07/14 16:06:31 ZEBRA: [GK6BW-E28RD] NB_OP_CHANGE: oper_walk_done: ERROR: Error sending notification message for path: /frr-interface:lib/interface[name="dummy0"]/state
2026/07/14 16:06:31 ZEBRA: [X0ASY-1BHSQ] NB_OP_CHANGE: oper_walk_done: ERROR: Error notifying for datastore path: /frr-interface:lib/interface[name="dummy0"]/state: generic error
2026/07/14 16:06:31 ZEBRA: [YKHB9-ND03T] BE-client: msg_conn_send_msg: can't send message on closed connection
2026/07/14 16:06:31 ZEBRA: [GK6BW-E28RD] NB_OP_CHANGE: oper_walk_done: ERROR: Error sending notification message for path: /frr-interface:lib/interface[name="dummy0"]/state
2026/07/14 16:06:31 ZEBRA: [X0ASY-1BHSQ] NB_OP_CHANGE: oper_walk_done: ERROR: Error notifying for datastore path: /frr-interface:lib/interface[name="dummy0"]/state: generic error
2026/07/14 16:06:31 ZEBRA: [YKHB9-ND03T] BE-client: msg_conn_send_msg: can't send message on closed connection
2026/07/14 16:06:31 ZEBRA: [GK6BW-E28RD] NB_OP_CHANGE: oper_walk_done: ERROR: Error sending notification message for path: /frr-interface:lib/interface[name="dummy0"]/state
2026/07/14 16:06:31 ZEBRA: [X0ASY-1BHSQ] NB_OP_CHANGE: oper_walk_done: ERROR: Error notifying for datastore path: /frr-interface:lib/interface[name="dummy0"]/state: generic error
2026/07/14 16:06:31 ZEBRA: [YKHB9-ND03T] BE-client: msg_conn_send_msg: can't send message on closed connection
2026/07/14 16:06:31 ZEBRA: [GK6BW-E28RD] NB_OP_CHANGE: oper_walk_done: ERROR: Error sending notification message for path: /frr-interface:lib/interface[name="dummy0"]/state
2026/07/14 16:06:31 ZEBRA: [X0ASY-1BHSQ] NB_OP_CHANGE: oper_walk_done: ERROR: Error notifying for datastore path: /frr-interface:lib/interface[name="dummy0"]/state: generic error
2026/07/14 16:06:31 ZEBRA: [YKHB9-ND03T] BE-client: msg_conn_send_msg: can't send message on closed connection
2026/07/14 16:06:31 ZEBRA: [GK6BW-E28RD] NB_OP_CHANGE: oper_walk_done: ERROR: Error sending notification message for path: /frr-interface:lib/interface[name="dummy0"]/state
2026/07/14 16:06:31 ZEBRA: [X0ASY-1BHSQ] NB_OP_CHANGE: oper_walk_done: ERROR: Error notifying for datastore path: /frr-interface:lib/interface[name="dummy0"]/state: generic error
2026/07/14 16:06:31 ZEBRA: [YKHB9-ND03T] BE-client: msg_conn_send_msg: can't send message on closed connection
2026/07/14 16:06:31 ZEBRA: [GK6BW-E28RD] NB_OP_CHANGE: oper_walk_done: ERROR: Error sending notification message for path: /frr-interface:lib/interface[name="dummy0"]/state
2026/07/14 16:06:31 ZEBRA: [X0ASY-1BHSQ] NB_OP_CHANGE: oper_walk_done: ERROR: Error notifying for datastore path: /frr-interface:lib/interface[name="dummy0"]/state: generic error
2026/07/14 16:06:31 ZEBRA: [YKHB9-ND03T] BE-client: msg_conn_send_msg: can't send message on closed connection
2026/07/14 16:06:31 ZEBRA: [GK6BW-E28RD] NB_OP_CHANGE: oper_walk_done: ERROR: Error sending notification message for path: /frr-interface:lib/interface[name="dummy0"]/state
2026/07/14 16:06:31 ZEBRA: [X0ASY-1BHSQ] NB_OP_CHANGE: oper_walk_done: ERROR: Error notifying for datastore path: /frr-interface:lib/interface[name="dummy0"]/state: generic error
2026/07/14 16:06:31 ZEBRA: [YKHB9-ND03T] BE-client: msg_conn_send_msg: can't send message on closed connection
2026/07/14 16:06:31 ZEBRA: [GK6BW-E28RD] NB_OP_CHANGE: oper_walk_done: ERROR: Error sending notification message for path: /frr-interface:lib/interface[name="dummy0"]/state
2026/07/14 16:06:31 ZEBRA: [X0ASY-1BHSQ] NB_OP_CHANGE: oper_walk_done: ERROR: Error notifying for datastore path: /frr-interface:lib/interface[name="dummy0"]/state: generic error
2026/07/14 16:06:31 ZEBRA: [YKHB9-ND03T] BE-client: msg_conn_send_msg: can't send message on closed connection
2026/07/14 16:06:31 ZEBRA: [GK6BW-E28RD] NB_OP_CHANGE: oper_walk_done: ERROR: Error sending notification message for path: /frr-interface:lib/interface[name="dummy0"]/state
2026/07/14 16:06:31 ZEBRA: [X0ASY-1BHSQ] NB_OP_CHANGE: oper_walk_done: ERROR: Error notifying for datastore path: /frr-interface:lib/interface[name="dummy0"]/state: generic error
2026/07/14 16:06:31 ZEBRA: [YKHB9-ND03T] BE-client: msg_conn_send_msg: can't send message on closed connection
2026/07/14 16:06:31 ZEBRA: [GK6BW-E28RD] NB_OP_CHANGE: oper_walk_done: ERROR: Error sending notification message for path: /frr-interface:lib/interface[name="dummy0"]/state
2026/07/14 16:06:31 ZEBRA: [X0ASY-1BHSQ] NB_OP_CHANGE: oper_walk_done: ERROR: Error notifying for datastore path: /frr-interface:lib/interface[name="dummy0"]/state: generic error
2026/07/14 16:06:31 ZEBRA: [YKHB9-ND03T] BE-client: msg_conn_send_msg: can't send message on closed connection
2026/07/14 16:06:31 ZEBRA: [GK6BW-E28RD] NB_OP_CHANGE: oper_walk_done: ERROR: Error sending notification message for path: /frr-interface:lib/interface[name="dummy0"]/state
2026/07/14 16:06:31 ZEBRA: [X0ASY-1BHSQ] NB_OP_CHANGE: oper_walk_done: ERROR: Error notifying for datastore path: /frr-interface:lib/interface[name="dummy0"]/state: generic error
2026/07/14 16:06:31 ZEBRA: [YKHB9-ND03T] BE-client: msg_conn_send_msg: can't send message on closed connection
2026/07/14 16:06:31 ZEBRA: [GK6BW-E28RD] NB_OP_CHANGE: oper_walk_done: ERROR: Error sending notification message for path: /frr-interface:lib/interface[name="dummy0"]/state
2026/07/14 16:06:31 ZEBRA: [X0ASY-1BHSQ] NB_OP_CHANGE: oper_walk_done: ERROR: Error notifying for datastore path: /frr-interface:lib/interface[name="dummy0"]/state: generic error
2026/07/14 16:06:31 ZEBRA: [YKHB9-ND03T] BE-client: msg_conn_send_msg: can't send message on closed connection
2026/07/14 16:06:31 ZEBRA: [GK6BW-E28RD] NB_OP_CHANGE: oper_walk_done: ERROR: Error sending notification message for path: /frr-interface:lib/interface[name="dummy0"]/state
2026/07/14 16:06:31 ZEBRA: [X0ASY-1BHSQ] NB_OP_CHANGE: oper_walk_done: ERROR: Error notifying for datastore path: /frr-interface:lib/interface[name="dummy0"]/state: generic error
2026/07/14 16:06:31 ZEBRA: [YKHB9-ND03T] BE-client: msg_conn_send_msg: can't send message on closed connection
2026/07/14 16:06:31 ZEBRA: [GK6BW-E28RD] NB_OP_CHANGE: oper_walk_done: ERROR: Error sending notification message for path: /frr-interface:lib/interface[name="dummy0"]/state
2026/07/14 16:06:31 ZEBRA: [X0ASY-1BHSQ] NB_OP_CHANGE: oper_walk_done: ERROR: Error notifying for datastore path: /frr-interface:lib/interface[name="dummy0"]/state: generic error
2026/07/14 16:06:31 ZEBRA: [YKHB9-ND03T] BE-client: msg_conn_send_msg: can't send message on closed connection
2026/07/14 16:06:31 ZEBRA: [GK6BW-E28RD] NB_OP_CHANGE: oper_walk_done: ERROR: Error sending notification message for path: /frr-interface:lib/interface[name="dummy0"]/state
2026/07/14 16:06:31 ZEBRA: [X0ASY-1BHSQ] NB_OP_CHANGE: oper_walk_done: ERROR: Error notifying for datastore path: /frr-interface:lib/interface[name="dummy0"]/state: generic error
2026/07/14 16:06:31 ZEBRA: [YKHB9-ND03T] BE-client: msg_conn_send_msg: can't send message on closed connection
2026/07/14 16:06:31 ZEBRA: [GK6BW-E28RD] NB_OP_CHANGE: oper_walk_done: ERROR: Error sending notification message for path: /frr-interface:lib/interface[name="dummy0"]/state
2026/07/14 16:06:31 ZEBRA: [X0ASY-1BHSQ] NB_OP_CHANGE: oper_walk_done: ERROR: Error notifying for datastore path: /frr-interface:lib/interface[name="dummy0"]/state: generic error
2026/07/14 16:06:31 ZEBRA: [YKHB9-ND03T] BE-client: msg_conn_send_msg: can't send message on closed connection
2026/07/14 16:06:31 ZEBRA: [GK6BW-E28RD] NB_OP_CHANGE: oper_walk_done: ERROR: Error sending notification message for path: /frr-interface:lib/interface[name="dummy0"]/state
2026/07/14 16:06:31 ZEBRA: [X0ASY-1BHSQ] NB_OP_CHANGE: oper_walk_done: ERROR: Error notifying for datastore path: /frr-interface:lib/interface[name="dummy0"]/state: generic error
2026/07/14 16:06:31 ZEBRA: [YKHB9-ND03T] BE-client: msg_conn_send_msg: can't send message on closed connection
2026/07/14 16:06:31 ZEBRA: [GK6BW-E28RD] NB_OP_CHANGE: oper_walk_done: ERROR: Error sending notification message for path: /frr-interface:lib/interface[name="dummy0"]/state
2026/07/14 16:06:31 ZEBRA: [X0ASY-1BHSQ] NB_OP_CHANGE: oper_walk_done: ERROR: Error notifying for datastore path: /frr-interface:lib/interface[name="dummy0"]/state: generic error
2026/07/14 16:06:31 ZEBRA: [YKHB9-ND03T] BE-client: msg_conn_send_msg: can't send message on closed connection
2026/07/14 16:06:31 ZEBRA: [GK6BW-E28RD] NB_OP_CHANGE: oper_walk_done: ERROR: Error sending notification message for path: /frr-interface:lib/interface[name="dummy0"]/state
2026/07/14 16:06:31 ZEBRA: [X0ASY-1BHSQ] NB_OP_CHANGE: oper_walk_done: ERROR: Error notifying for datastore path: /frr-interface:lib/interface[name="dummy0"]/state: generic error
2026/07/14 16:06:31 ZEBRA: [YKHB9-ND03T] BE-client: msg_conn_send_msg: can't send message on closed connection
2026/07/14 16:06:31 ZEBRA: [GK6BW-E28RD] NB_OP_CHANGE: oper_walk_done: ERROR: Error sending notification message for path: /frr-interface:lib/interface[name="dummy0"]/state
2026/07/14 16:06:31 ZEBRA: [X0ASY-1BHSQ] NB_OP_CHANGE: oper_walk_done: ERROR: Error notifying for datastore path: /frr-interface:lib/interface[name="dummy0"]/state: generic error
2026/07/14 16:06:31 ZEBRA: [YKHB9-ND03T] BE-client: msg_conn_send_msg: can't send message on closed connection
2026/07/14 16:06:31 ZEBRA: [GK6BW-E28RD] NB_OP_CHANGE: oper_walk_done: ERROR: Error sending notification message for path: /frr-interface:lib/interface[name="dummy0"]/state
2026/07/14 16:06:31 ZEBRA: [X0ASY-1BHSQ] NB_OP_CHANGE: oper_walk_done: ERROR: Error notifying for datastore path: /frr-interface:lib/interface[name="dummy0"]/state: generic error
2026/07/14 16:06:31 ZEBRA: [YKHB9-ND03T] BE-client: msg_conn_send_msg: can't send message on closed connection
2026/07/14 16:06:31 ZEBRA: [GK6BW-E28RD] NB_OP_CHANGE: oper_walk_done: ERROR: Error sending notification message for path: /frr-interface:lib/interface[name="dummy0"]/state
2026/07/14 16:06:31 ZEBRA: [X0ASY-1BHSQ] NB_OP_CHANGE: oper_walk_done: ERROR: Error notifying for datastore path: /frr-interface:lib/interface[name="dummy0"]/state: generic error
2026/07/14 16:06:31 ZEBRA: [YKHB9-ND03T] BE-client: msg_conn_send_msg: can't send message on closed connection
2026/07/14 16:06:31 ZEBRA: [GK6BW-E28RD] NB_OP_CHANGE: oper_walk_done: ERROR: Error sending notification message for path: /frr-interface:lib/interface[name="dummy0"]/state
2026/07/14 16:06:31 ZEBRA: [X0ASY-1BHSQ] NB_OP_CHANGE: oper_walk_done: ERROR: Error notifying for datastore path: /frr-interface:lib/interface[name="dummy0"]/state: generic error
2026/07/14 16:06:31 ZEBRA: [YKHB9-ND03T] BE-client: msg_conn_send_msg: can't send message on closed connection
2026/07/14 16:06:31 ZEBRA: [GK6BW-E28RD] NB_OP_CHANGE: oper_walk_done: ERROR: Error sending notification message for path: /frr-interface:lib/interface[name="dummy0"]/state
2026/07/14 16:06:31 ZEBRA: [X0ASY-1BHSQ] NB_OP_CHANGE: oper_walk_done: ERROR: Error notifying for datastore path: /frr-interface:lib/interface[name="dummy0"]/state: generic error
2026/07/14 16:06:31 ZEBRA: [YKHB9-ND03T] BE-client: msg_conn_send_msg: can't send message on closed connection
2026/07/14 16:06:31 ZEBRA: [GK6BW-E28RD] NB_OP_CHANGE: oper_walk_done: ERROR: Error sending notification message for path: /frr-interface:lib/interface[name="dummy0"]/state
2026/07/14 16:06:31 ZEBRA: [X0ASY-1BHSQ] NB_OP_CHANGE: oper_walk_done: ERROR: Error notifying for datastore path: /frr-interface:lib/interface[name="dummy0"]/state: generic error
2026/07/14 16:06:31 ZEBRA: [YKHB9-ND03T] BE-client: msg_conn_send_msg: can't send message on closed connection
2026/07/14 16:06:31 ZEBRA: [GK6BW-E28RD] NB_OP_CHANGE: oper_walk_done: ERROR: Error sending notification message for path: /frr-interface:lib/interface[name="dummy0"]/state
2026/07/14 16:06:31 ZEBRA: [X0ASY-1BHSQ] NB_OP_CHANGE: oper_walk_done: ERROR: Error notifying for datastore path: /frr-interface:lib/interface[name="dummy0"]/state: generic error
2026/07/14 16:06:31 ZEBRA: [YKHB9-ND03T] BE-client: msg_conn_send_msg: can't send message on closed connection
2026/07/14 16:06:31 ZEBRA: [GK6BW-E28RD] NB_OP_CHANGE: oper_walk_done: ERROR: Error sending notification message for path: /frr-interface:lib/interface[name="dummy0"]/state
2026/07/14 16:06:31 ZEBRA: [X0ASY-1BHSQ] NB_OP_CHANGE: oper_walk_done: ERROR: Error notifying for datastore path: /frr-interface:lib/interface[name="dummy0"]/state: generic error
2026/07/14 16:06:31 ZEBRA: [YKHB9-ND03T] BE-client: msg_conn_send_msg: can't send message on closed connection
2026/07/14 16:06:31 ZEBRA: [GK6BW-E28RD] NB_OP_CHANGE: oper_walk_done: ERROR: Error sending notification message for path: /frr-interface:lib/interface[name="dummy0"]/state
2026/07/14 16:06:31 ZEBRA: [X0ASY-1BHSQ] NB_OP_CHANGE: oper_walk_done: ERROR: Error notifying for datastore path: /frr-interface:lib/interface[name="dummy0"]/state: generic error
2026/07/14 16:06:31 ZEBRA: [YKHB9-ND03T] BE-client: msg_conn_send_msg: can't send message on closed connection
2026/07/14 16:06:31 ZEBRA: [GK6BW-E28RD] NB_OP_CHANGE: oper_walk_done: ERROR: Error sending notification message for path: /frr-interface:lib/interface[name="dummy0"]/state
2026/07/14 16:06:31 ZEBRA: [X0ASY-1BHSQ] NB_OP_CHANGE: oper_walk_done: ERROR: Error notifying for datastore path: /frr-interface:lib/interface[name="dummy0"]/state: generic error
2026/07/14 16:06:31 ZEBRA: [YKHB9-ND03T] BE-client: msg_conn_send_msg: can't send message on closed connection
2026/07/14 16:06:31 ZEBRA: [GK6BW-E28RD] NB_OP_CHANGE: oper_walk_done: ERROR: Error sending notification message for path: /frr-interface:lib/interface[name="dummy0"]/state
2026/07/14 16:06:31 ZEBRA: [X0ASY-1BHSQ] NB_OP_CHANGE: oper_walk_done: ERROR: Error notifying for datastore path: /frr-interface:lib/interface[name="dummy0"]/state: generic error
2026/07/14 16:06:31 ZEBRA: [YKHB9-ND03T] BE-client: msg_conn_send_msg: can't send message on closed connection
2026/07/14 16:06:31 ZEBRA: [GK6BW-E28RD] NB_OP_CHANGE: oper_walk_done: ERROR: Error sending notification message for path: /frr-interface:lib/interface[name="dummy0"]/state
2026/07/14 16:06:31 ZEBRA: [X0ASY-1BHSQ] NB_OP_CHANGE: oper_walk_done: ERROR: Error notifying for datastore path: /frr-interface:lib/interface[name="dummy0"]/state: generic error
2026/07/14 16:06:31 ZEBRA: [YKHB9-ND03T] BE-client: msg_conn_send_msg: can't send message on closed connection
2026/07/14 16:06:31 ZEBRA: [GK6BW-E28RD] NB_OP_CHANGE: oper_walk_done: ERROR: Error sending notification message for path: /frr-interface:lib/interface[name="dummy0"]/state
2026/07/14 16:06:31 ZEBRA: [X0ASY-1BHSQ] NB_OP_CHANGE: oper_walk_done: ERROR: Error notifying for datastore path: /frr-interface:lib/interface[name="dummy0"]/state: generic error
2026/07/14 16:06:31 ZEBRA: [YKHB9-ND03T] BE-client: msg_conn_send_msg: can't send message on closed connection
2026/07/14 16:06:31 ZEBRA: [GK6BW-E28RD] NB_OP_CHANGE: oper_walk_done: ERROR: Error sending notification message for path: /frr-interface:lib/interface[name="dummy0"]/state
2026/07/14 16:06:31 ZEBRA: [X0ASY-1BHSQ] NB_OP_CHANGE: oper_walk_done: ERROR: Error notifying for datastore path: /frr-interface:lib/interface[name="dummy0"]/state: generic error
2026/07/14 16:06:31 ZEBRA: [YKHB9-ND03T] BE-client: msg_conn_send_msg: can't send message on closed connection
2026/07/14 16:06:31 ZEBRA: [GK6BW-E28RD] NB_OP_CHANGE: oper_walk_done: ERROR: Error sending notification message for path: /frr-interface:lib/interface[name="dummy0"]/state
2026/07/14 16:06:31 ZEBRA: [X0ASY-1BHSQ] NB_OP_CHANGE: oper_walk_done: ERROR: Error notifying for datastore path: /frr-interface:lib/interface[name="dummy0"]/state: generic error
2026/07/14 16:06:31 ZEBRA: [YKHB9-ND03T] BE-client: msg_conn_send_msg: can't send message on closed connection
2026/07/14 16:06:31 ZEBRA: [GK6BW-E28RD] NB_OP_CHANGE: oper_walk_done: ERROR: Error sending notification message for path: /frr-interface:lib/interface[name="dummy0"]/state
2026/07/14 16:06:31 ZEBRA: [X0ASY-1BHSQ] NB_OP_CHANGE: oper_walk_done: ERROR: Error notifying for datastore path: /frr-interface:lib/interface[name="dummy0"]/state: generic error
2026/07/14 16:06:31 ZEBRA: [YKHB9-ND03T] BE-client: msg_conn_send_msg: can't send message on closed connection
2026/07/14 16:06:31 ZEBRA: [GK6BW-E28RD] NB_OP_CHANGE: oper_walk_done: ERROR: Error sending notification message for path: /frr-interface:lib/interface[name="dummy0"]/state
2026/07/14 16:06:31 ZEBRA: [X0ASY-1BHSQ] NB_OP_CHANGE: oper_walk_done: ERROR: Error notifying for datastore path: /frr-interface:lib/interface[name="dummy0"]/state: generic error
2026/07/14 16:06:31 ZEBRA: [YKHB9-ND03T] BE-client: msg_conn_send_msg: can't send message on closed connection
2026/07/14 16:06:31 ZEBRA: [GK6BW-E28RD] NB_OP_CHANGE: oper_walk_done: ERROR: Error sending notification message for path: /frr-interface:lib/interface[name="dummy0"]/state
2026/07/14 16:06:31 ZEBRA: [X0ASY-1BHSQ] NB_OP_CHANGE: oper_walk_done: ERROR: Error notifying for datastore path: /frr-interface:lib/interface[name="dummy0"]/state: generic error
2026/07/14 16:06:31 ZEBRA: [YKHB9-ND03T] BE-client: msg_conn_send_msg: can't send message on closed connection
2026/07/14 16:06:31 ZEBRA: [GK6BW-E28RD] NB_OP_CHANGE: oper_walk_done: ERROR: Error sending notification message for path: /frr-interface:lib/interface[name="dummy0"]/state
2026/07/14 16:06:31 ZEBRA: [X0ASY-1BHSQ] NB_OP_CHANGE: oper_walk_done: ERROR: Error notifying for datastore path: /frr-interface:lib/interface[name="dummy0"]/state: generic error
2026/07/14 16:06:31 ZEBRA: [YKHB9-ND03T] BE-client: msg_conn_send_msg: can't send message on closed connection
2026/07/14 16:06:31 ZEBRA: [GK6BW-E28RD] NB_OP_CHANGE: oper_walk_done: ERROR: Error sending notification message for path: /frr-interface:lib/interface[name="dummy0"]/state
2026/07/14 16:06:31 ZEBRA: [X0ASY-1BHSQ] NB_OP_CHANGE: oper_walk_done: ERROR: Error notifying for datastore path: /frr-interface:lib/interface[name="dummy0"]/state: generic error
2026/07/14 16:06:31 ZEBRA: [YKHB9-ND03T] BE-client: msg_conn_send_msg: can't send message on closed connection
2026/07/14 16:06:31 ZEBRA: [GK6BW-E28RD] NB_OP_CHANGE: oper_walk_done: ERROR: Error sending notification message for path: /frr-interface:lib/interface[name="dummy0"]/state
2026/07/14 16:06:31 ZEBRA: [X0ASY-1BHSQ] NB_OP_CHANGE: oper_walk_done: ERROR: Error notifying for datastore path: /frr-interface:lib/interface[name="dummy0"]/state: generic error
2026/07/14 16:06:31 ZEBRA: [YKHB9-ND03T] BE-client: msg_conn_send_msg: can't send message on closed connection
2026/07/14 16:06:31 ZEBRA: [GK6BW-E28RD] NB_OP_CHANGE: oper_walk_done: ERROR: Error sending notification message for path: /frr-interface:lib/interface[name="dummy0"]/state
2026/07/14 16:06:31 ZEBRA: [X0ASY-1BHSQ] NB_OP_CHANGE: oper_walk_done: ERROR: Error notifying for datastore path: /frr-interface:lib/interface[name="dummy0"]/state: generic error
2026/07/14 16:06:31 ZEBRA: [YKHB9-ND03T] BE-client: msg_conn_send_msg: can't send message on closed connection
2026/07/14 16:06:31 ZEBRA: [GK6BW-E28RD] NB_OP_CHANGE: oper_walk_done: ERROR: Error sending notification message for path: /frr-interface:lib/interface[name="dummy0"]/state
2026/07/14 16:06:31 ZEBRA: [X0ASY-1BHSQ] NB_OP_CHANGE: oper_walk_done: ERROR: Error notifying for datastore path: /frr-interface:lib/interface[name="dummy0"]/state: generic error
2026/07/14 16:06:31 ZEBRA: [YKHB9-ND03T] BE-client: msg_conn_send_msg: can't send message on closed connection
2026/07/14 16:06:31 ZEBRA: [GK6BW-E28RD] NB_OP_CHANGE: oper_walk_done: ERROR: Error sending notification message for path: /frr-interface:lib/interface[name="dummy0"]/state
2026/07/14 16:06:31 ZEBRA: [X0ASY-1BHSQ] NB_OP_CHANGE: oper_walk_done: ERROR: Error notifying for datastore path: /frr-interface:lib/interface[name="dummy0"]/state: generic error
2026/07/14 16:06:31 ZEBRA: [YKHB9-ND03T] BE-client: msg_conn_send_msg: can't send message on closed connection
2026/07/14 16:06:31 ZEBRA: [GK6BW-E28RD] NB_OP_CHANGE: oper_walk_done: ERROR: Error sending notification message for path: /frr-interface:lib/interface[name="dummy0"]/state
2026/07/14 16:06:31 ZEBRA: [X0ASY-1BHSQ] NB_OP_CHANGE: oper_walk_done: ERROR: Error notifying for datastore path: /frr-interface:lib/interface[name="dummy0"]/state: generic error
2026/07/14 16:06:31 ZEBRA: [YKHB9-ND03T] BE-client: msg_conn_send_msg: can't send message on closed connection
2026/07/14 16:06:31 ZEBRA: [GK6BW-E28RD] NB_OP_CHANGE: oper_walk_done: ERROR: Error sending notification message for path: /frr-interface:lib/interface[name="dummy0"]/state
2026/07/14 16:06:31 ZEBRA: [X0ASY-1BHSQ] NB_OP_CHANGE: oper_walk_done: ERROR: Error notifying for datastore path: /frr-interface:lib/interface[name="dummy0"]/state: generic error
2026/07/14 16:06:31 ZEBRA: [YKHB9-ND03T] BE-client: msg_conn_send_msg: can't send message on closed connection
2026/07/14 16:06:31 ZEBRA: [GK6BW-E28RD] NB_OP_CHANGE: oper_walk_done: ERROR: Error sending notification message for path: /frr-interface:lib/interface[name="dummy0"]/state
2026/07/14 16:06:31 ZEBRA: [X0ASY-1BHSQ] NB_OP_CHANGE: oper_walk_done: ERROR: Error notifying for datastore path: /frr-interface:lib/interface[name="dummy0"]/state: generic error
2026/07/14 16:06:32 ZEBRA: [YKHB9-ND03T] BE-client: msg_conn_send_msg: can't send message on closed connection
2026/07/14 16:06:32 ZEBRA: [GK6BW-E28RD] NB_OP_CHANGE: oper_walk_done: ERROR: Error sending notification message for path: /frr-interface:lib/interface[name="dummy0"]/state
2026/07/14 16:06:32 ZEBRA: [X0ASY-1BHSQ] NB_OP_CHANGE: oper_walk_done: ERROR: Error notifying for datastore path: /frr-interface:lib/interface[name="dummy0"]/state: generic error
2026/07/14 16:06:32 ZEBRA: [YKHB9-ND03T] BE-client: msg_conn_send_msg: can't send message on closed connection
2026/07/14 16:06:32 ZEBRA: [GK6BW-E28RD] NB_OP_CHANGE: oper_walk_done: ERROR: Error sending notification message for path: /frr-interface:lib/interface[name="dummy0"]/state
2026/07/14 16:06:32 ZEBRA: [X0ASY-1BHSQ] NB_OP_CHANGE: oper_walk_done: ERROR: Error notifying for datastore path: /frr-interface:lib/interface[name="dummy0"]/state: generic error
2026/07/14 16:06:32 ZEBRA: [YKHB9-ND03T] BE-client: msg_conn_send_msg: can't send message on closed connection
2026/07/14 16:06:32 ZEBRA: [GK6BW-E28RD] NB_OP_CHANGE: oper_walk_done: ERROR: Error sending notification message for path: /frr-interface:lib/interface[name="dummy0"]/state
2026/07/14 16:06:32 ZEBRA: [X0ASY-1BHSQ] NB_OP_CHANGE: oper_walk_done: ERROR: Error notifying for datastore path: /frr-interface:lib/interface[name="dummy0"]/state: generic error
2026/07/14 16:06:32 ZEBRA: [YKHB9-ND03T] BE-client: msg_conn_send_msg: can't send message on closed connection
2026/07/14 16:06:32 ZEBRA: [GK6BW-E28RD] NB_OP_CHANGE: oper_walk_done: ERROR: Error sending notification message for path: /frr-interface:lib/interface[name="dummy0"]/state
2026/07/14 16:06:32 ZEBRA: [X0ASY-1BHSQ] NB_OP_CHANGE: oper_walk_done: ERROR: Error notifying for datastore path: /frr-interface:lib/interface[name="dummy0"]/state: generic error
2026/07/14 16:06:32 ZEBRA: [YKHB9-ND03T] BE-client: msg_conn_send_msg: can't send message on closed connection
2026/07/14 16:06:32 ZEBRA: [GK6BW-E28RD] NB_OP_CHANGE: oper_walk_done: ERROR: Error sending notification message for path: /frr-interface:lib/interface[name="dummy0"]/state
2026/07/14 16:06:32 ZEBRA: [X0ASY-1BHSQ] NB_OP_CHANGE: oper_walk_done: ERROR: Error notifying for datastore path: /frr-interface:lib/interface[name="dummy0"]/state: generic error
2026/07/14 16:06:32 ZEBRA: [YKHB9-ND03T] BE-client: msg_conn_send_msg: can't send message on closed connection
2026/07/14 16:06:32 ZEBRA: [GK6BW-E28RD] NB_OP_CHANGE: oper_walk_done: ERROR: Error sending notification message for path: /frr-interface:lib/interface[name="dummy0"]/state
2026/07/14 16:06:32 ZEBRA: [X0ASY-1BHSQ] NB_OP_CHANGE: oper_walk_done: ERROR: Error notifying for datastore path: /frr-interface:lib/interface[name="dummy0"]/state: generic error
2026/07/14 16:06:32 ZEBRA: [YKHB9-ND03T] BE-client: msg_conn_send_msg: can't send message on closed connection
2026/07/14 16:06:32 ZEBRA: [GK6BW-E28RD] NB_OP_CHANGE: oper_walk_done: ERROR: Error sending notification message for path: /frr-interface:lib/interface[name="dummy0"]/state
2026/07/14 16:06:32 ZEBRA: [X0ASY-1BHSQ] NB_OP_CHANGE: oper_walk_done: ERROR: Error notifying for datastore path: /frr-interface:lib/interface[name="dummy0"]/state: generic error
2026/07/14 16:06:32 ZEBRA: [YKHB9-ND03T] BE-client: msg_conn_send_msg: can't send message on closed connection
2026/07/14 16:06:32 ZEBRA: [GK6BW-E28RD] NB_OP_CHANGE: oper_walk_done: ERROR: Error sending notification message for path: /frr-interface:lib/interface[name="dummy0"]/state
2026/07/14 16:06:32 ZEBRA: [X0ASY-1BHSQ] NB_OP_CHANGE: oper_walk_done: ERROR: Error notifying for datastore path: /frr-interface:lib/interface[name="dummy0"]/state: generic error
2026/07/14 16:06:32 ZEBRA: [YKHB9-ND03T] BE-client: msg_conn_send_msg: can't send message on closed connection
2026/07/14 16:06:32 ZEBRA: [GK6BW-E28RD] NB_OP_CHANGE: oper_walk_done: ERROR: Error sending notification message for path: /frr-interface:lib/interface[name="dummy0"]/state
2026/07/14 16:06:32 ZEBRA: [X0ASY-1BHSQ] NB_OP_CHANGE: oper_walk_done: ERROR: Error notifying for datastore path: /frr-interface:lib/interface[name="dummy0"]/state: generic error
2026/07/14 16:06:32 ZEBRA: [YKHB9-ND03T] BE-client: msg_conn_send_msg: can't send message on closed connection
2026/07/14 16:06:32 ZEBRA: [GK6BW-E28RD] NB_OP_CHANGE: oper_walk_done: ERROR: Error sending notification message for path: /frr-interface:lib/interface[name="dummy0"]/state
2026/07/14 16:06:32 ZEBRA: [X0ASY-1BHSQ] NB_OP_CHANGE: oper_walk_done: ERROR: Error notifying for datastore path: /frr-interface:lib/interface[name="dummy0"]/state: generic error
2026/07/14 16:06:32 ZEBRA: [YKHB9-ND03T] BE-client: msg_conn_send_msg: can't send message on closed connection
2026/07/14 16:06:32 ZEBRA: [GK6BW-E28RD] NB_OP_CHANGE: oper_walk_done: ERROR: Error sending notification message for path: /frr-interface:lib/interface[name="dummy0"]/state
2026/07/14 16:06:32 ZEBRA: [X0ASY-1BHSQ] NB_OP_CHANGE: oper_walk_done: ERROR: Error notifying for datastore path: /frr-interface:lib/interface[name="dummy0"]/state: generic error
2026/07/14 16:06:32 ZEBRA: [YKHB9-ND03T] BE-client: msg_conn_send_msg: can't send message on closed connection
2026/07/14 16:06:32 ZEBRA: [GK6BW-E28RD] NB_OP_CHANGE: oper_walk_done: ERROR: Error sending notification message for path: /frr-interface:lib/interface[name="dummy0"]/state
2026/07/14 16:06:32 ZEBRA: [X0ASY-1BHSQ] NB_OP_CHANGE: oper_walk_done: ERROR: Error notifying for datastore path: /frr-interface:lib/interface[name="dummy0"]/state: generic error
2026/07/14 16:06:32 ZEBRA: [YKHB9-ND03T] BE-client: msg_conn_send_msg: can't send message on closed connection
2026/07/14 16:06:32 ZEBRA: [GK6BW-E28RD] NB_OP_CHANGE: oper_walk_done: ERROR: Error sending notification message for path: /frr-interface:lib/interface[name="dummy0"]/state
2026/07/14 16:06:32 ZEBRA: [X0ASY-1BHSQ] NB_OP_CHANGE: oper_walk_done: ERROR: Error notifying for datastore path: /frr-interface:lib/interface[name="dummy0"]/state: generic error
2026/07/14 16:06:32 ZEBRA: [YKHB9-ND03T] BE-client: msg_conn_send_msg: can't send message on closed connection
2026/07/14 16:06:32 ZEBRA: [GK6BW-E28RD] NB_OP_CHANGE: oper_walk_done: ERROR: Error sending notification message for path: /frr-interface:lib/interface[name="dummy0"]/state
2026/07/14 16:06:32 ZEBRA: [X0ASY-1BHSQ] NB_OP_CHANGE: oper_walk_done: ERROR: Error notifying for datastore path: /frr-interface:lib/interface[name="dummy0"]/state: generic error
2026/07/14 16:06:32 ZEBRA: [YKHB9-ND03T] BE-client: msg_conn_send_msg: can't send message on closed connection
2026/07/14 16:06:32 ZEBRA: [GK6BW-E28RD] NB_OP_CHANGE: oper_walk_done: ERROR: Error sending notification message for path: /frr-interface:lib/interface[name="dummy0"]/state
2026/07/14 16:06:32 ZEBRA: [X0ASY-1BHSQ] NB_OP_CHANGE: oper_walk_done: ERROR: Error notifying for datastore path: /frr-interface:lib/interface[name="dummy0"]/state: generic error
2026/07/14 16:06:32 ZEBRA: [YKHB9-ND03T] BE-client: msg_conn_send_msg: can't send message on closed connection
2026/07/14 16:06:32 ZEBRA: [GK6BW-E28RD] NB_OP_CHANGE: oper_walk_done: ERROR: Error sending notification message for path: /frr-interface:lib/interface[name="dummy0"]/state
2026/07/14 16:06:32 ZEBRA: [X0ASY-1BHSQ] NB_OP_CHANGE: oper_walk_done: ERROR: Error notifying for datastore path: /frr-interface:lib/interface[name="dummy0"]/state: generic error
2026/07/14 16:06:32 ZEBRA: [YKHB9-ND03T] BE-client: msg_conn_send_msg: can't send message on closed connection
2026/07/14 16:06:32 ZEBRA: [GK6BW-E28RD] NB_OP_CHANGE: oper_walk_done: ERROR: Error sending notification message for path: /frr-interface:lib/interface[name="dummy0"]/state
2026/07/14 16:06:32 ZEBRA: [X0ASY-1BHSQ] NB_OP_CHANGE: oper_walk_done: ERROR: Error notifying for datastore path: /frr-interface:lib/interface[name="dummy0"]/state: generic error
2026/07/14 16:06:32 ZEBRA: [YKHB9-ND03T] BE-client: msg_conn_send_msg: can't send message on closed connection
2026/07/14 16:06:32 ZEBRA: [GK6BW-E28RD] NB_OP_CHANGE: oper_walk_done: ERROR: Error sending notification message for path: /frr-interface:lib/interface[name="dummy0"]/state
2026/07/14 16:06:32 ZEBRA: [X0ASY-1BHSQ] NB_OP_CHANGE: oper_walk_done: ERROR: Error notifying for datastore path: /frr-interface:lib/interface[name="dummy0"]/state: generic error
2026/07/14 16:06:32 ZEBRA: [YKHB9-ND03T] BE-client: msg_conn_send_msg: can't send message on closed connection
2026/07/14 16:06:32 ZEBRA: [GK6BW-E28RD] NB_OP_CHANGE: oper_walk_done: ERROR: Error sending notification message for path: /frr-interface:lib/interface[name="dummy0"]/state
2026/07/14 16:06:32 ZEBRA: [X0ASY-1BHSQ] NB_OP_CHANGE: oper_walk_done: ERROR: Error notifying for datastore path: /frr-interface:lib/interface[name="dummy0"]/state: generic error
2026/07/14 16:06:32 ZEBRA: [YKHB9-ND03T] BE-client: msg_conn_send_msg: can't send message on closed connection
2026/07/14 16:06:32 ZEBRA: [GK6BW-E28RD] NB_OP_CHANGE: oper_walk_done: ERROR: Error sending notification message for path: /frr-interface:lib/interface[name="dummy0"]/state
2026/07/14 16:06:32 ZEBRA: [X0ASY-1BHSQ] NB_OP_CHANGE: oper_walk_done: ERROR: Error notifying for datastore path: /frr-interface:lib/interface[name="dummy0"]/state: generic error
2026/07/14 16:06:32 ZEBRA: [YKHB9-ND03T] BE-client: msg_conn_send_msg: can't send message on closed connection
2026/07/14 16:06:32 ZEBRA: [GK6BW-E28RD] NB_OP_CHANGE: oper_walk_done: ERROR: Error sending notification message for path: /frr-interface:lib/interface[name="dummy0"]/state
2026/07/14 16:06:32 ZEBRA: [X0ASY-1BHSQ] NB_OP_CHANGE: oper_walk_done: ERROR: Error notifying for datastore path: /frr-interface:lib/interface[name="dummy0"]/state: generic error
2026/07/14 16:06:32 ZEBRA: [YKHB9-ND03T] BE-client: msg_conn_send_msg: can't send message on closed connection
2026/07/14 16:06:32 ZEBRA: [GK6BW-E28RD] NB_OP_CHANGE: oper_walk_done: ERROR: Error sending notification message for path: /frr-interface:lib/interface[name="dummy0"]/state
2026/07/14 16:06:32 ZEBRA: [X0ASY-1BHSQ] NB_OP_CHANGE: oper_walk_done: ERROR: Error notifying for datastore path: /frr-interface:lib/interface[name="dummy0"]/state: generic error
2026/07/14 16:06:32 ZEBRA: [YKHB9-ND03T] BE-client: msg_conn_send_msg: can't send message on closed connection
2026/07/14 16:06:32 ZEBRA: [GK6BW-E28RD] NB_OP_CHANGE: oper_walk_done: ERROR: Error sending notification message for path: /frr-interface:lib/interface[name="dummy0"]/state
2026/07/14 16:06:32 ZEBRA: [X0ASY-1BHSQ] NB_OP_CHANGE: oper_walk_done: ERROR: Error notifying for datastore path: /frr-interface:lib/interface[name="dummy0"]/state: generic error
2026/07/14 16:06:32 ZEBRA: [YKHB9-ND03T] BE-client: msg_conn_send_msg: can't send message on closed connection
2026/07/14 16:06:32 ZEBRA: [GK6BW-E28RD] NB_OP_CHANGE: oper_walk_done: ERROR: Error sending notification message for path: /frr-interface:lib/interface[name="dummy0"]/state
2026/07/14 16:06:32 ZEBRA: [X0ASY-1BHSQ] NB_OP_CHANGE: oper_walk_done: ERROR: Error notifying for datastore path: /frr-interface:lib/interface[name="dummy0"]/state: generic error
2026/07/14 16:06:32 ZEBRA: [YKHB9-ND03T] BE-client: msg_conn_send_msg: can't send message on closed connection
2026/07/14 16:06:32 ZEBRA: [GK6BW-E28RD] NB_OP_CHANGE: oper_walk_done: ERROR: Error sending notification message for path: /frr-interface:lib/interface[name="dummy0"]/state
2026/07/14 16:06:32 ZEBRA: [X0ASY-1BHSQ] NB_OP_CHANGE: oper_walk_done: ERROR: Error notifying for datastore path: /frr-interface:lib/interface[name="dummy0"]/state: generic error
2026/07/14 16:06:32 ZEBRA: [YKHB9-ND03T] BE-client: msg_conn_send_msg: can't send message on closed connection
2026/07/14 16:06:32 ZEBRA: [GK6BW-E28RD] NB_OP_CHANGE: oper_walk_done: ERROR: Error sending notification message for path: /frr-interface:lib/interface[name="dummy0"]/state
2026/07/14 16:06:32 ZEBRA: [X0ASY-1BHSQ] NB_OP_CHANGE: oper_walk_done: ERROR: Error notifying for datastore path: /frr-interface:lib/interface[name="dummy0"]/state: generic error
2026/07/14 16:06:32 ZEBRA: [YKHB9-ND03T] BE-client: msg_conn_send_msg: can't send message on closed connection
2026/07/14 16:06:32 ZEBRA: [GK6BW-E28RD] NB_OP_CHANGE: oper_walk_done: ERROR: Error sending notification message for path: /frr-interface:lib/interface[name="dummy0"]/state
2026/07/14 16:06:32 ZEBRA: [X0ASY-1BHSQ] NB_OP_CHANGE: oper_walk_done: ERROR: Error notifying for datastore path: /frr-interface:lib/interface[name="dummy0"]/state: generic error
2026/07/14 16:06:32 ZEBRA: [YKHB9-ND03T] BE-client: msg_conn_send_msg: can't send message on closed connection
2026/07/14 16:06:32 ZEBRA: [GK6BW-E28RD] NB_OP_CHANGE: oper_walk_done: ERROR: Error sending notification message for path: /frr-interface:lib/interface[name="dummy0"]/state
2026/07/14 16:06:32 ZEBRA: [X0ASY-1BHSQ] NB_OP_CHANGE: oper_walk_done: ERROR: Error notifying for datastore path: /frr-interface:lib/interface[name="dummy0"]/state: generic error
2026/07/14 16:06:32 ZEBRA: [YKHB9-ND03T] BE-client: msg_conn_send_msg: can't send message on closed connection
2026/07/14 16:06:32 ZEBRA: [GK6BW-E28RD] NB_OP_CHANGE: oper_walk_done: ERROR: Error sending notification message for path: /frr-interface:lib/interface[name="dummy0"]/state
2026/07/14 16:06:32 ZEBRA: [X0ASY-1BHSQ] NB_OP_CHANGE: oper_walk_done: ERROR: Error notifying for datastore path: /frr-interface:lib/interface[name="dummy0"]/state: generic error
2026/07/14 16:06:32 ZEBRA: [YKHB9-ND03T] BE-client: msg_conn_send_msg: can't send message on closed connection
2026/07/14 16:06:32 ZEBRA: [GK6BW-E28RD] NB_OP_CHANGE: oper_walk_done: ERROR: Error sending notification message for path: /frr-interface:lib/interface[name="dummy0"]/state
2026/07/14 16:06:32 ZEBRA: [X0ASY-1BHSQ] NB_OP_CHANGE: oper_walk_done: ERROR: Error notifying for datastore path: /frr-interface:lib/interface[name="dummy0"]/state: generic error
2026/07/14 16:06:32 ZEBRA: [YKHB9-ND03T] BE-client: msg_conn_send_msg: can't send message on closed connection
2026/07/14 16:06:32 ZEBRA: [GK6BW-E28RD] NB_OP_CHANGE: oper_walk_done: ERROR: Error sending notification message for path: /frr-interface:lib/interface[name="dummy0"]/state
2026/07/14 16:06:32 ZEBRA: [X0ASY-1BHSQ] NB_OP_CHANGE: oper_walk_done: ERROR: Error notifying for datastore path: /frr-interface:lib/interface[name="dummy0"]/state: generic error
2026/07/14 16:06:32 ZEBRA: [YKHB9-ND03T] BE-client: msg_conn_send_msg: can't send message on closed connection
2026/07/14 16:06:32 ZEBRA: [GK6BW-E28RD] NB_OP_CHANGE: oper_walk_done: ERROR: Error sending notification message for path: /frr-interface:lib/interface[name="dummy0"]/state
2026/07/14 16:06:32 ZEBRA: [X0ASY-1BHSQ] NB_OP_CHANGE: oper_walk_done: ERROR: Error notifying for datastore path: /frr-interface:lib/interface[name="dummy0"]/state: generic error
2026/07/14 16:06:32 ZEBRA: [YKHB9-ND03T] BE-client: msg_conn_send_msg: can't send message on closed connection
2026/07/14 16:06:32 ZEBRA: [GK6BW-E28RD] NB_OP_CHANGE: oper_walk_done: ERROR: Error sending notification message for path: /frr-interface:lib/interface[name="dummy0"]/state
2026/07/14 16:06:32 ZEBRA: [X0ASY-1BHSQ] NB_OP_CHANGE: oper_walk_done: ERROR: Error notifying for datastore path: /frr-interface:lib/interface[name="dummy0"]/state: generic error
2026/07/14 16:06:32 ZEBRA: [YKHB9-ND03T] BE-client: msg_conn_send_msg: can't send message on closed connection
2026/07/14 16:06:32 ZEBRA: [GK6BW-E28RD] NB_OP_CHANGE: oper_walk_done: ERROR: Error sending notification message for path: /frr-interface:lib/interface[name="dummy0"]/state
2026/07/14 16:06:32 ZEBRA: [X0ASY-1BHSQ] NB_OP_CHANGE: oper_walk_done: ERROR: Error notifying for datastore path: /frr-interface:lib/interface[name="dummy0"]/state: generic error
2026/07/14 16:06:32 ZEBRA: [YKHB9-ND03T] BE-client: msg_conn_send_msg: can't send message on closed connection
2026/07/14 16:06:32 ZEBRA: [GK6BW-E28RD] NB_OP_CHANGE: oper_walk_done: ERROR: Error sending notification message for path: /frr-interface:lib/interface[name="dummy0"]/state
2026/07/14 16:06:32 ZEBRA: [X0ASY-1BHSQ] NB_OP_CHANGE: oper_walk_done: ERROR: Error notifying for datastore path: /frr-interface:lib/interface[name="dummy0"]/state: generic error
2026/07/14 16:06:32 ZEBRA: [YKHB9-ND03T] BE-client: msg_conn_send_msg: can't send message on closed connection
2026/07/14 16:06:32 ZEBRA: [GK6BW-E28RD] NB_OP_CHANGE: oper_walk_done: ERROR: Error sending notification message for path: /frr-interface:lib/interface[name="dummy0"]/state
2026/07/14 16:06:32 ZEBRA: [X0ASY-1BHSQ] NB_OP_CHANGE: oper_walk_done: ERROR: Error notifying for datastore path: /frr-interface:lib/interface[name="dummy0"]/state: generic error
2026/07/14 16:06:32 ZEBRA: [YKHB9-ND03T] BE-client: msg_conn_send_msg: can't send message on closed connection
2026/07/14 16:06:32 ZEBRA: [GK6BW-E28RD] NB_OP_CHANGE: oper_walk_done: ERROR: Error sending notification message for path: /frr-interface:lib/interface[name="dummy0"]/state
2026/07/14 16:06:32 ZEBRA: [X0ASY-1BHSQ] NB_OP_CHANGE: oper_walk_done: ERROR: Error notifying for datastore path: /frr-interface:lib/interface[name="dummy0"]/state: generic error
2026/07/14 16:06:32 ZEBRA: [YKHB9-ND03T] BE-client: msg_conn_send_msg: can't send message on closed connection
2026/07/14 16:06:32 ZEBRA: [GK6BW-E28RD] NB_OP_CHANGE: oper_walk_done: ERROR: Error sending notification message for path: /frr-interface:lib/interface[name="dummy0"]/state
2026/07/14 16:06:32 ZEBRA: [X0ASY-1BHSQ] NB_OP_CHANGE: oper_walk_done: ERROR: Error notifying for datastore path: /frr-interface:lib/interface[name="dummy0"]/state: generic error
2026/07/14 16:06:32 ZEBRA: [YKHB9-ND03T] BE-client: msg_conn_send_msg: can't send message on closed connection
2026/07/14 16:06:32 ZEBRA: [GK6BW-E28RD] NB_OP_CHANGE: oper_walk_done: ERROR: Error sending notification message for path: /frr-interface:lib/interface[name="dummy0"]/state
2026/07/14 16:06:32 ZEBRA: [X0ASY-1BHSQ] NB_OP_CHANGE: oper_walk_done: ERROR: Error notifying for datastore path: /frr-interface:lib/interface[name="dummy0"]/state: generic error
2026/07/14 16:06:32 ZEBRA: [YKHB9-ND03T] BE-client: msg_conn_send_msg: can't send message on closed connection
2026/07/14 16:06:32 ZEBRA: [GK6BW-E28RD] NB_OP_CHANGE: oper_walk_done: ERROR: Error sending notification message for path: /frr-interface:lib/interface[name="dummy0"]/state
2026/07/14 16:06:32 ZEBRA: [X0ASY-1BHSQ] NB_OP_CHANGE: oper_walk_done: ERROR: Error notifying for datastore path: /frr-interface:lib/interface[name="dummy0"]/state: generic error
2026/07/14 16:06:32 ZEBRA: [YKHB9-ND03T] BE-client: msg_conn_send_msg: can't send message on closed connection
2026/07/14 16:06:32 ZEBRA: [GK6BW-E28RD] NB_OP_CHANGE: oper_walk_done: ERROR: Error sending notification message for path: /frr-interface:lib/interface[name="dummy0"]/state
2026/07/14 16:06:32 ZEBRA: [X0ASY-1BHSQ] NB_OP_CHANGE: oper_walk_done: ERROR: Error notifying for datastore path: /frr-interface:lib/interface[name="dummy0"]/state: generic error
2026/07/14 16:06:32 ZEBRA: [YKHB9-ND03T] BE-client: msg_conn_send_msg: can't send message on closed connection
2026/07/14 16:06:32 ZEBRA: [GK6BW-E28RD] NB_OP_CHANGE: oper_walk_done: ERROR: Error sending notification message for path: /frr-interface:lib/interface[name="dummy0"]/state
2026/07/14 16:06:32 ZEBRA: [X0ASY-1BHSQ] NB_OP_CHANGE: oper_walk_done: ERROR: Error notifying for datastore path: /frr-interface:lib/interface[name="dummy0"]/state: generic error
2026/07/14 16:06:32 ZEBRA: [YKHB9-ND03T] BE-client: msg_conn_send_msg: can't send message on closed connection
2026/07/14 16:06:32 ZEBRA: [GK6BW-E28RD] NB_OP_CHANGE: oper_walk_done: ERROR: Error sending notification message for path: /frr-interface:lib/interface[name="dummy0"]/state
2026/07/14 16:06:32 ZEBRA: [X0ASY-1BHSQ] NB_OP_CHANGE: oper_walk_done: ERROR: Error notifying for datastore path: /frr-interface:lib/interface[name="dummy0"]/state: generic error
2026/07/14 16:06:32 ZEBRA: [YKHB9-ND03T] BE-client: msg_conn_send_msg: can't send message on closed connection
2026/07/14 16:06:32 ZEBRA: [GK6BW-E28RD] NB_OP_CHANGE: oper_walk_done: ERROR: Error sending notification message for path: /frr-interface:lib/interface[name="dummy0"]/state
2026/07/14 16:06:32 ZEBRA: [X0ASY-1BHSQ] NB_OP_CHANGE: oper_walk_done: ERROR: Error notifying for datastore path: /frr-interface:lib/interface[name="dummy0"]/state: generic error
2026/07/14 16:06:32 ZEBRA: [YKHB9-ND03T] BE-client: msg_conn_send_msg: can't send message on closed connection
2026/07/14 16:06:32 ZEBRA: [GK6BW-E28RD] NB_OP_CHANGE: oper_walk_done: ERROR: Error sending notification message for path: /frr-interface:lib/interface[name="dummy0"]/state
2026/07/14 16:06:32 ZEBRA: [X0ASY-1BHSQ] NB_OP_CHANGE: oper_walk_done: ERROR: Error notifying for datastore path: /frr-interface:lib/interface[name="dummy0"]/state: generic error
2026/07/14 16:06:32 ZEBRA: [YKHB9-ND03T] BE-client: msg_conn_send_msg: can't send message on closed connection
2026/07/14 16:06:32 ZEBRA: [GK6BW-E28RD] NB_OP_CHANGE: oper_walk_done: ERROR: Error sending notification message for path: /frr-interface:lib/interface[name="dummy0"]/state
2026/07/14 16:06:32 ZEBRA: [X0ASY-1BHSQ] NB_OP_CHANGE: oper_walk_done: ERROR: Error notifying for datastore path: /frr-interface:lib/interface[name="dummy0"]/state: generic error
2026/07/14 16:06:32 ZEBRA: [YKHB9-ND03T] BE-client: msg_conn_send_msg: can't send message on closed connection
2026/07/14 16:06:32 ZEBRA: [GK6BW-E28RD] NB_OP_CHANGE: oper_walk_done: ERROR: Error sending notification message for path: /frr-interface:lib/interface[name="dummy0"]/state
2026/07/14 16:06:32 ZEBRA: [X0ASY-1BHSQ] NB_OP_CHANGE: oper_walk_done: ERROR: Error notifying for datastore path: /frr-interface:lib/interface[name="dummy0"]/state: generic error
2026/07/14 16:06:32 ZEBRA: [YKHB9-ND03T] BE-client: msg_conn_send_msg: can't send message on closed connection
2026/07/14 16:06:32 ZEBRA: [GK6BW-E28RD] NB_OP_CHANGE: oper_walk_done: ERROR: Error sending notification message for path: /frr-interface:lib/interface[name="dummy0"]/state
2026/07/14 16:06:32 ZEBRA: [X0ASY-1BHSQ] NB_OP_CHANGE: oper_walk_done: ERROR: Error notifying for datastore path: /frr-interface:lib/interface[name="dummy0"]/state: generic error
2026/07/14 16:06:32 ZEBRA: [YKHB9-ND03T] BE-client: msg_conn_send_msg: can't send message on closed connection
2026/07/14 16:06:32 ZEBRA: [GK6BW-E28RD] NB_OP_CHANGE: oper_walk_done: ERROR: Error sending notification message for path: /frr-interface:lib/interface[name="dummy0"]/state
2026/07/14 16:06:32 ZEBRA: [X0ASY-1BHSQ] NB_OP_CHANGE: oper_walk_done: ERROR: Error notifying for datastore path: /frr-interface:lib/interface[name="dummy0"]/state: generic error
2026/07/14 16:06:32 ZEBRA: [YKHB9-ND03T] BE-client: msg_conn_send_msg: can't send message on closed connection
2026/07/14 16:06:32 ZEBRA: [GK6BW-E28RD] NB_OP_CHANGE: oper_walk_done: ERROR: Error sending notification message for path: /frr-interface:lib/interface[name="dummy0"]/state
2026/07/14 16:06:32 ZEBRA: [X0ASY-1BHSQ] NB_OP_CHANGE: oper_walk_done: ERROR: Error notifying for datastore path: /frr-interface:lib/interface[name="dummy0"]/state: generic error
2026/07/14 16:06:32 ZEBRA: [YKHB9-ND03T] BE-client: msg_conn_send_msg: can't send message on closed connection
2026/07/14 16:06:32 ZEBRA: [GK6BW-E28RD] NB_OP_CHANGE: oper_walk_done: ERROR: Error sending notification message for path: /frr-interface:lib/interface[name="dummy0"]/state
2026/07/14 16:06:32 ZEBRA: [X0ASY-1BHSQ] NB_OP_CHANGE: oper_walk_done: ERROR: Error notifying for datastore path: /frr-interface:lib/interface[name="dummy0"]/state: generic error
2026/07/14 16:06:32 ZEBRA: [YKHB9-ND03T] BE-client: msg_conn_send_msg: can't send message on closed connection
2026/07/14 16:06:32 ZEBRA: [GK6BW-E28RD] NB_OP_CHANGE: oper_walk_done: ERROR: Error sending notification message for path: /frr-interface:lib/interface[name="dummy0"]/state
2026/07/14 16:06:32 ZEBRA: [X0ASY-1BHSQ] NB_OP_CHANGE: oper_walk_done: ERROR: Error notifying for datastore path: /frr-interface:lib/interface[name="dummy0"]/state: generic error
2026/07/14 16:06:32 ZEBRA: [YKHB9-ND03T] BE-client: msg_conn_send_msg: can't send message on closed connection
2026/07/14 16:06:32 ZEBRA: [GK6BW-E28RD] NB_OP_CHANGE: oper_walk_done: ERROR: Error sending notification message for path: /frr-interface:lib/interface[name="dummy0"]/state
2026/07/14 16:06:32 ZEBRA: [X0ASY-1BHSQ] NB_OP_CHANGE: oper_walk_done: ERROR: Error notifying for datastore path: /frr-interface:lib/interface[name="dummy0"]/state: generic error
2026/07/14 16:06:32 ZEBRA: [YKHB9-ND03T] BE-client: msg_conn_send_msg: can't send message on closed connection
2026/07/14 16:06:32 ZEBRA: [GK6BW-E28RD] NB_OP_CHANGE: oper_walk_done: ERROR: Error sending notification message for path: /frr-interface:lib/interface[name="dummy0"]/state
2026/07/14 16:06:32 ZEBRA: [X0ASY-1BHSQ] NB_OP_CHANGE: oper_walk_done: ERROR: Error notifying for datastore path: /frr-interface:lib/interface[name="dummy0"]/state: generic error
2026/07/14 16:06:32 ZEBRA: [YKHB9-ND03T] BE-client: msg_conn_send_msg: can't send message on closed connection
2026/07/14 16:06:32 ZEBRA: [GK6BW-E28RD] NB_OP_CHANGE: oper_walk_done: ERROR: Error sending notification message for path: /frr-interface:lib/interface[name="dummy0"]/state
2026/07/14 16:06:32 ZEBRA: [X0ASY-1BHSQ] NB_OP_CHANGE: oper_walk_done: ERROR: Error notifying for datastore path: /frr-interface:lib/interface[name="dummy0"]/state: generic error
2026/07/14 16:06:32 ZEBRA: [YKHB9-ND03T] BE-client: msg_conn_send_msg: can't send message on closed connection
2026/07/14 16:06:32 ZEBRA: [GK6BW-E28RD] NB_OP_CHANGE: oper_walk_done: ERROR: Error sending notification message for path: /frr-interface:lib/interface[name="dummy0"]/state
2026/07/14 16:06:32 ZEBRA: [X0ASY-1BHSQ] NB_OP_CHANGE: oper_walk_done: ERROR: Error notifying for datastore path: /frr-interface:lib/interface[name="dummy0"]/state: generic error
2026/07/14 16:06:32 ZEBRA: [YKHB9-ND03T] BE-client: msg_conn_send_msg: can't send message on closed connection
2026/07/14 16:06:32 ZEBRA: [GK6BW-E28RD] NB_OP_CHANGE: oper_walk_done: ERROR: Error sending notification message for path: /frr-interface:lib/interface[name="dummy0"]/state
2026/07/14 16:06:32 ZEBRA: [X0ASY-1BHSQ] NB_OP_CHANGE: oper_walk_done: ERROR: Error notifying for datastore path: /frr-interface:lib/interface[name="dummy0"]/state: generic error
2026/07/14 16:06:32 ZEBRA: [YKHB9-ND03T] BE-client: msg_conn_send_msg: can't send message on closed connection
2026/07/14 16:06:32 ZEBRA: [GK6BW-E28RD] NB_OP_CHANGE: oper_walk_done: ERROR: Error sending notification message for path: /frr-interface:lib/interface[name="dummy0"]/state
2026/07/14 16:06:32 ZEBRA: [X0ASY-1BHSQ] NB_OP_CHANGE: oper_walk_done: ERROR: Error notifying for datastore path: /frr-interface:lib/interface[name="dummy0"]/state: generic error
2026/07/14 16:06:32 ZEBRA: [YKHB9-ND03T] BE-client: msg_conn_send_msg: can't send message on closed connection
2026/07/14 16:06:32 ZEBRA: [GK6BW-E28RD] NB_OP_CHANGE: oper_walk_done: ERROR: Error sending notification message for path: /frr-interface:lib/interface[name="dummy0"]/state
2026/07/14 16:06:32 ZEBRA: [X0ASY-1BHSQ] NB_OP_CHANGE: oper_walk_done: ERROR: Error notifying for datastore path: /frr-interface:lib/interface[name="dummy0"]/state: generic error
2026/07/14 16:06:32 ZEBRA: [YKHB9-ND03T] BE-client: msg_conn_send_msg: can't send message on closed connection
2026/07/14 16:06:32 ZEBRA: [GK6BW-E28RD] NB_OP_CHANGE: oper_walk_done: ERROR: Error sending notification message for path: /frr-interface:lib/interface[name="dummy0"]/state
2026/07/14 16:06:32 ZEBRA: [X0ASY-1BHSQ] NB_OP_CHANGE: oper_walk_done: ERROR: Error notifying for datastore path: /frr-interface:lib/interface[name="dummy0"]/state: generic error
2026/07/14 16:06:32 ZEBRA: [YKHB9-ND03T] BE-client: msg_conn_send_msg: can't send message on closed connection
2026/07/14 16:06:32 ZEBRA: [GK6BW-E28RD] NB_OP_CHANGE: oper_walk_done: ERROR: Error sending notification message for path: /frr-interface:lib/interface[name="dummy0"]/state
2026/07/14 16:06:32 ZEBRA: [X0ASY-1BHSQ] NB_OP_CHANGE: oper_walk_done: ERROR: Error notifying for datastore path: /frr-interface:lib/interface[name="dummy0"]/state: generic error
2026/07/14 16:06:32 ZEBRA: [YKHB9-ND03T] BE-client: msg_conn_send_msg: can't send message on closed connection
2026/07/14 16:06:32 ZEBRA: [GK6BW-E28RD] NB_OP_CHANGE: oper_walk_done: ERROR: Error sending notification message for path: /frr-interface:lib/interface[name="dummy0"]/state
2026/07/14 16:06:32 ZEBRA: [X0ASY-1BHSQ] NB_OP_CHANGE: oper_walk_done: ERROR: Error notifying for datastore path: /frr-interface:lib/interface[name="dummy0"]/state: generic error
2026/07/14 16:06:32 ZEBRA: [YKHB9-ND03T] BE-client: msg_conn_send_msg: can't send message on closed connection
2026/07/14 16:06:32 ZEBRA: [GK6BW-E28RD] NB_OP_CHANGE: oper_walk_done: ERROR: Error sending notification message for path: /frr-interface:lib/interface[name="dummy0"]/state
2026/07/14 16:06:32 ZEBRA: [X0ASY-1BHSQ] NB_OP_CHANGE: oper_walk_done: ERROR: Error notifying for datastore path: /frr-interface:lib/interface[name="dummy0"]/state: generic error
2026/07/14 16:06:32 ZEBRA: [YKHB9-ND03T] BE-client: msg_conn_send_msg: can't send message on closed connection
2026/07/14 16:06:32 ZEBRA: [GK6BW-E28RD] NB_OP_CHANGE: oper_walk_done: ERROR: Error sending notification message for path: /frr-interface:lib/interface[name="dummy0"]/state
2026/07/14 16:06:32 ZEBRA: [X0ASY-1BHSQ] NB_OP_CHANGE: oper_walk_done: ERROR: Error notifying for datastore path: /frr-interface:lib/interface[name="dummy0"]/state: generic error
2026/07/14 16:06:32 ZEBRA: [YKHB9-ND03T] BE-client: msg_conn_send_msg: can't send message on closed connection
2026/07/14 16:06:32 ZEBRA: [GK6BW-E28RD] NB_OP_CHANGE: oper_walk_done: ERROR: Error sending notification message for path: /frr-interface:lib/interface[name="dummy0"]/state
2026/07/14 16:06:32 ZEBRA: [X0ASY-1BHSQ] NB_OP_CHANGE: oper_walk_done: ERROR: Error notifying for datastore path: /frr-interface:lib/interface[name="dummy0"]/state: generic error
2026/07/14 16:06:32 ZEBRA: [YKHB9-ND03T] BE-client: msg_conn_send_msg: can't send message on closed connection
2026/07/14 16:06:32 ZEBRA: [GK6BW-E28RD] NB_OP_CHANGE: oper_walk_done: ERROR: Error sending notification message for path: /frr-interface:lib/interface[name="dummy0"]/state
2026/07/14 16:06:32 ZEBRA: [X0ASY-1BHSQ] NB_OP_CHANGE: oper_walk_done: ERROR: Error notifying for datastore path: /frr-interface:lib/interface[name="dummy0"]/state: generic error
2026/07/14 16:06:32 ZEBRA: [YKHB9-ND03T] BE-client: msg_conn_send_msg: can't send message on closed connection
2026/07/14 16:06:32 ZEBRA: [GK6BW-E28RD] NB_OP_CHANGE: oper_walk_done: ERROR: Error sending notification message for path: /frr-interface:lib/interface[name="dummy0"]/state
2026/07/14 16:06:32 ZEBRA: [X0ASY-1BHSQ] NB_OP_CHANGE: oper_walk_done: ERROR: Error notifying for datastore path: /frr-interface:lib/interface[name="dummy0"]/state: generic error
2026/07/14 16:06:32 ZEBRA: [YKHB9-ND03T] BE-client: msg_conn_send_msg: can't send message on closed connection
2026/07/14 16:06:32 ZEBRA: [GK6BW-E28RD] NB_OP_CHANGE: oper_walk_done: ERROR: Error sending notification message for path: /frr-interface:lib/interface[name="dummy0"]/state
2026/07/14 16:06:32 ZEBRA: [X0ASY-1BHSQ] NB_OP_CHANGE: oper_walk_done: ERROR: Error notifying for datastore path: /frr-interface:lib/interface[name="dummy0"]/state: generic error
2026/07/14 16:06:32 ZEBRA: [YKHB9-ND03T] BE-client: msg_conn_send_msg: can't send message on closed connection
2026/07/14 16:06:32 ZEBRA: [GK6BW-E28RD] NB_OP_CHANGE: oper_walk_done: ERROR: Error sending notification message for path: /frr-interface:lib/interface[name="dummy0"]/state
2026/07/14 16:06:32 ZEBRA: [X0ASY-1BHSQ] NB_OP_CHANGE: oper_walk_done: ERROR: Error notifying for datastore path: /frr-interface:lib/interface[name="dummy0"]/state: generic error
2026/07/14 16:06:32 ZEBRA: [YKHB9-ND03T] BE-client: msg_conn_send_msg: can't send message on closed connection
2026/07/14 16:06:32 ZEBRA: [GK6BW-E28RD] NB_OP_CHANGE: oper_walk_done: ERROR: Error sending notification message for path: /frr-interface:lib/interface[name="dummy0"]/state
2026/07/14 16:06:32 ZEBRA: [X0ASY-1BHSQ] NB_OP_CHANGE: oper_walk_done: ERROR: Error notifying for datastore path: /frr-interface:lib/interface[name="dummy0"]/state: generic error
2026/07/14 16:06:32 ZEBRA: [YKHB9-ND03T] BE-client: msg_conn_send_msg: can't send message on closed connection
2026/07/14 16:06:32 ZEBRA: [GK6BW-E28RD] NB_OP_CHANGE: oper_walk_done: ERROR: Error sending notification message for path: /frr-interface:lib/interface[name="dummy0"]/state
2026/07/14 16:06:32 ZEBRA: [X0ASY-1BHSQ] NB_OP_CHANGE: oper_walk_done: ERROR: Error notifying for datastore path: /frr-interface:lib/interface[name="dummy0"]/state: generic error
2026/07/14 16:06:32 ZEBRA: [YKHB9-ND03T] BE-client: msg_conn_send_msg: can't send message on closed connection
2026/07/14 16:06:32 ZEBRA: [GK6BW-E28RD] NB_OP_CHANGE: oper_walk_done: ERROR: Error sending notification message for path: /frr-interface:lib/interface[name="dummy0"]/state
2026/07/14 16:06:32 ZEBRA: [X0ASY-1BHSQ] NB_OP_CHANGE: oper_walk_done: ERROR: Error notifying for datastore path: /frr-interface:lib/interface[name="dummy0"]/state: generic error
2026/07/14 16:06:32 ZEBRA: [YKHB9-ND03T] BE-client: msg_conn_send_msg: can't send message on closed connection
2026/07/14 16:06:32 ZEBRA: [GK6BW-E28RD] NB_OP_CHANGE: oper_walk_done: ERROR: Error sending notification message for path: /frr-interface:lib/interface[name="dummy0"]/state
2026/07/14 16:06:32 ZEBRA: [X0ASY-1BHSQ] NB_OP_CHANGE: oper_walk_done: ERROR: Error notifying for datastore path: /frr-interface:lib/interface[name="dummy0"]/state: generic error
2026/07/14 16:06:32 ZEBRA: [YKHB9-ND03T] BE-client: msg_conn_send_msg: can't send message on closed connection
2026/07/14 16:06:32 ZEBRA: [GK6BW-E28RD] NB_OP_CHANGE: oper_walk_done: ERROR: Error sending notification message for path: /frr-interface:lib/interface[name="dummy0"]/state
2026/07/14 16:06:32 ZEBRA: [X0ASY-1BHSQ] NB_OP_CHANGE: oper_walk_done: ERROR: Error notifying for datastore path: /frr-interface:lib/interface[name="dummy0"]/state: generic error
2026/07/14 16:06:32 ZEBRA: [YKHB9-ND03T] BE-client: msg_conn_send_msg: can't send message on closed connection
2026/07/14 16:06:32 ZEBRA: [GK6BW-E28RD] NB_OP_CHANGE: oper_walk_done: ERROR: Error sending notification message for path: /frr-interface:lib/interface[name="dummy0"]/state
2026/07/14 16:06:32 ZEBRA: [X0ASY-1BHSQ] NB_OP_CHANGE: oper_walk_done: ERROR: Error notifying for datastore path: /frr-interface:lib/interface[name="dummy0"]/state: generic error
2026/07/14 16:06:32 ZEBRA: [YKHB9-ND03T] BE-client: msg_conn_send_msg: can't send message on closed connection
2026/07/14 16:06:32 ZEBRA: [GK6BW-E28RD] NB_OP_CHANGE: oper_walk_done: ERROR: Error sending notification message for path: /frr-interface:lib/interface[name="dummy0"]/state
2026/07/14 16:06:32 ZEBRA: [X0ASY-1BHSQ] NB_OP_CHANGE: oper_walk_done: ERROR: Error notifying for datastore path: /frr-interface:lib/interface[name="dummy0"]/state: generic error
2026/07/14 16:06:32 ZEBRA: [YKHB9-ND03T] BE-client: msg_conn_send_msg: can't send message on closed connection
2026/07/14 16:06:32 ZEBRA: [GK6BW-E28RD] NB_OP_CHANGE: oper_walk_done: ERROR: Error sending notification message for path: /frr-interface:lib/interface[name="dummy0"]/state
2026/07/14 16:06:32 ZEBRA: [X0ASY-1BHSQ] NB_OP_CHANGE: oper_walk_done: ERROR: Error notifying for datastore path: /frr-interface:lib/interface[name="dummy0"]/state: generic error
2026/07/14 16:06:32 ZEBRA: [YKHB9-ND03T] BE-client: msg_conn_send_msg: can't send message on closed connection
2026/07/14 16:06:32 ZEBRA: [GK6BW-E28RD] NB_OP_CHANGE: oper_walk_done: ERROR: Error sending notification message for path: /frr-interface:lib/interface[name="dummy0"]/state
2026/07/14 16:06:32 ZEBRA: [X0ASY-1BHSQ] NB_OP_CHANGE: oper_walk_done: ERROR: Error notifying for datastore path: /frr-interface:lib/interface[name="dummy0"]/state: generic error
2026/07/14 16:06:32 ZEBRA: [YKHB9-ND03T] BE-client: msg_conn_send_msg: can't send message on closed connection
2026/07/14 16:06:32 ZEBRA: [GK6BW-E28RD] NB_OP_CHANGE: oper_walk_done: ERROR: Error sending notification message for path: /frr-interface:lib/interface[name="dummy0"]/state
2026/07/14 16:06:32 ZEBRA: [X0ASY-1BHSQ] NB_OP_CHANGE: oper_walk_done: ERROR: Error notifying for datastore path: /frr-interface:lib/interface[name="dummy0"]/state: generic error
2026/07/14 16:06:32 ZEBRA: [YKHB9-ND03T] BE-client: msg_conn_send_msg: can't send message on closed connection
2026/07/14 16:06:32 ZEBRA: [GK6BW-E28RD] NB_OP_CHANGE: oper_walk_done: ERROR: Error sending notification message for path: /frr-interface:lib/interface[name="dummy0"]/state
2026/07/14 16:06:32 ZEBRA: [X0ASY-1BHSQ] NB_OP_CHANGE: oper_walk_done: ERROR: Error notifying for datastore path: /frr-interface:lib/interface[name="dummy0"]/state: generic error
2026/07/14 16:06:32 ZEBRA: [YKHB9-ND03T] BE-client: msg_conn_send_msg: can't send message on closed connection
2026/07/14 16:06:32 ZEBRA: [GK6BW-E28RD] NB_OP_CHANGE: oper_walk_done: ERROR: Error sending notification message for path: /frr-interface:lib/interface[name="dummy0"]/state
2026/07/14 16:06:32 ZEBRA: [X0ASY-1BHSQ] NB_OP_CHANGE: oper_walk_done: ERROR: Error notifying for datastore path: /frr-interface:lib/interface[name="dummy0"]/state: generic error
2026/07/14 16:06:32 ZEBRA: [YKHB9-ND03T] BE-client: msg_conn_send_msg: can't send message on closed connection
2026/07/14 16:06:32 ZEBRA: [GK6BW-E28RD] NB_OP_CHANGE: oper_walk_done: ERROR: Error sending notification message for path: /frr-interface:lib/interface[name="dummy0"]/state
2026/07/14 16:06:32 ZEBRA: [X0ASY-1BHSQ] NB_OP_CHANGE: oper_walk_done: ERROR: Error notifying for datastore path: /frr-interface:lib/interface[name="dummy0"]/state: generic error
2026/07/14 16:06:32 ZEBRA: [YKHB9-ND03T] BE-client: msg_conn_send_msg: can't send message on closed connection
2026/07/14 16:06:32 ZEBRA: [GK6BW-E28RD] NB_OP_CHANGE: oper_walk_done: ERROR: Error sending notification message for path: /frr-interface:lib/interface[name="dummy0"]/state
2026/07/14 16:06:32 ZEBRA: [X0ASY-1BHSQ] NB_OP_CHANGE: oper_walk_done: ERROR: Error notifying for datastore path: /frr-interface:lib/interface[name="dummy0"]/state: generic error
2026/07/14 16:06:32 ZEBRA: [YKHB9-ND03T] BE-client: msg_conn_send_msg: can't send message on closed connection
2026/07/14 16:06:32 ZEBRA: [GK6BW-E28RD] NB_OP_CHANGE: oper_walk_done: ERROR: Error sending notification message for path: /frr-interface:lib/interface[name="dummy0"]/state
2026/07/14 16:06:32 ZEBRA: [X0ASY-1BHSQ] NB_OP_CHANGE: oper_walk_done: ERROR: Error notifying for datastore path: /frr-interface:lib/interface[name="dummy0"]/state: generic error
2026/07/14 16:06:32 ZEBRA: [YKHB9-ND03T] BE-client: msg_conn_send_msg: can't send message on closed connection
2026/07/14 16:06:32 ZEBRA: [GK6BW-E28RD] NB_OP_CHANGE: oper_walk_done: ERROR: Error sending notification message for path: /frr-interface:lib/interface[name="dummy0"]/state
2026/07/14 16:06:32 ZEBRA: [X0ASY-1BHSQ] NB_OP_CHANGE: oper_walk_done: ERROR: Error notifying for datastore path: /frr-interface:lib/interface[name="dummy0"]/state: generic error
2026/07/14 16:06:32 ZEBRA: [YKHB9-ND03T] BE-client: msg_conn_send_msg: can't send message on closed connection
2026/07/14 16:06:32 ZEBRA: [GK6BW-E28RD] NB_OP_CHANGE: oper_walk_done: ERROR: Error sending notification message for path: /frr-interface:lib/interface[name="dummy0"]/state
2026/07/14 16:06:32 ZEBRA: [X0ASY-1BHSQ] NB_OP_CHANGE: oper_walk_done: ERROR: Error notifying for datastore path: /frr-interface:lib/interface[name="dummy0"]/state: generic error
2026/07/14 16:06:32 ZEBRA: [YKHB9-ND03T] BE-client: msg_conn_send_msg: can't send message on closed connection
2026/07/14 16:06:32 ZEBRA: [GK6BW-E28RD] NB_OP_CHANGE: oper_walk_done: ERROR: Error sending notification message for path: /frr-interface:lib/interface[name="dummy0"]/state
2026/07/14 16:06:32 ZEBRA: [X0ASY-1BHSQ] NB_OP_CHANGE: oper_walk_done: ERROR: Error notifying for datastore path: /frr-interface:lib/interface[name="dummy0"]/state: generic error
2026/07/14 16:06:32 ZEBRA: [YKHB9-ND03T] BE-client: msg_conn_send_msg: can't send message on closed connection
2026/07/14 16:06:32 ZEBRA: [GK6BW-E28RD] NB_OP_CHANGE: oper_walk_done: ERROR: Error sending notification message for path: /frr-interface:lib/interface[name="dummy0"]/state
2026/07/14 16:06:32 ZEBRA: [X0ASY-1BHSQ] NB_OP_CHANGE: oper_walk_done: ERROR: Error notifying for datastore path: /frr-interface:lib/interface[name="dummy0"]/state: generic error
2026/07/14 16:06:32 ZEBRA: [YKHB9-ND03T] BE-client: msg_conn_send_msg: can't send message on closed connection
2026/07/14 16:06:32 ZEBRA: [GK6BW-E28RD] NB_OP_CHANGE: oper_walk_done: ERROR: Error sending notification message for path: /frr-interface:lib/interface[name="dummy0"]/state
2026/07/14 16:06:32 ZEBRA: [X0ASY-1BHSQ] NB_OP_CHANGE: oper_walk_done: ERROR: Error notifying for datastore path: /frr-interface:lib/interface[name="dummy0"]/state: generic error
2026/07/14 16:06:32 ZEBRA: [YKHB9-ND03T] BE-client: msg_conn_send_msg: can't send message on closed connection
2026/07/14 16:06:32 ZEBRA: [GK6BW-E28RD] NB_OP_CHANGE: oper_walk_done: ERROR: Error sending notification message for path: /frr-interface:lib/interface[name="dummy0"]/state
2026/07/14 16:06:32 ZEBRA: [X0ASY-1BHSQ] NB_OP_CHANGE: oper_walk_done: ERROR: Error notifying for datastore path: /frr-interface:lib/interface[name="dummy0"]/state: generic error
2026/07/14 16:06:32 ZEBRA: [YKHB9-ND03T] BE-client: msg_conn_send_msg: can't send message on closed connection
2026/07/14 16:06:32 ZEBRA: [GK6BW-E28RD] NB_OP_CHANGE: oper_walk_done: ERROR: Error sending notification message for path: /frr-interface:lib/interface[name="dummy0"]/state
2026/07/14 16:06:32 ZEBRA: [X0ASY-1BHSQ] NB_OP_CHANGE: oper_walk_done: ERROR: Error notifying for datastore path: /frr-interface:lib/interface[name="dummy0"]/state: generic error
2026/07/14 16:06:32 ZEBRA: [YKHB9-ND03T] BE-client: msg_conn_send_msg: can't send message on closed connection
2026/07/14 16:06:32 ZEBRA: [GK6BW-E28RD] NB_OP_CHANGE: oper_walk_done: ERROR: Error sending notification message for path: /frr-interface:lib/interface[name="dummy0"]/state
2026/07/14 16:06:32 ZEBRA: [X0ASY-1BHSQ] NB_OP_CHANGE: oper_walk_done: ERROR: Error notifying for datastore path: /frr-interface:lib/interface[name="dummy0"]/state: generic error
2026/07/14 16:06:32 ZEBRA: [YKHB9-ND03T] BE-client: msg_conn_send_msg: can't send message on closed connection
2026/07/14 16:06:32 ZEBRA: [GK6BW-E28RD] NB_OP_CHANGE: oper_walk_done: ERROR: Error sending notification message for path: /frr-interface:lib/interface[name="dummy0"]/state
2026/07/14 16:06:32 ZEBRA: [X0ASY-1BHSQ] NB_OP_CHANGE: oper_walk_done: ERROR: Error notifying for datastore path: /frr-interface:lib/interface[name="dummy0"]/state: generic error
2026/07/14 16:06:32 ZEBRA: [YKHB9-ND03T] BE-client: msg_conn_send_msg: can't send message on closed connection
2026/07/14 16:06:32 ZEBRA: [GK6BW-E28RD] NB_OP_CHANGE: oper_walk_done: ERROR: Error sending notification message for path: /frr-interface:lib/interface[name="dummy0"]/state
2026/07/14 16:06:32 ZEBRA: [X0ASY-1BHSQ] NB_OP_CHANGE: oper_walk_done: ERROR: Error notifying for datastore path: /frr-interface:lib/interface[name="dummy0"]/state: generic error
2026/07/14 16:06:32 ZEBRA: [YKHB9-ND03T] BE-client: msg_conn_send_msg: can't send message on closed connection
2026/07/14 16:06:32 ZEBRA: [GK6BW-E28RD] NB_OP_CHANGE: oper_walk_done: ERROR: Error sending notification message for path: /frr-interface:lib/interface[name="dummy0"]/state
2026/07/14 16:06:32 ZEBRA: [X0ASY-1BHSQ] NB_OP_CHANGE: oper_walk_done: ERROR: Error notifying for datastore path: /frr-interface:lib/interface[name="dummy0"]/state: generic error
2026/07/14 16:06:32 ZEBRA: [YKHB9-ND03T] BE-client: msg_conn_send_msg: can't send message on closed connection
2026/07/14 16:06:32 ZEBRA: [GK6BW-E28RD] NB_OP_CHANGE: oper_walk_done: ERROR: Error sending notification message for path: /frr-interface:lib/interface[name="dummy0"]/state
2026/07/14 16:06:32 ZEBRA: [X0ASY-1BHSQ] NB_OP_CHANGE: oper_walk_done: ERROR: Error notifying for datastore path: /frr-interface:lib/interface[name="dummy0"]/state: generic error
2026/07/14 16:06:32 ZEBRA: [YKHB9-ND03T] BE-client: msg_conn_send_msg: can't send message on closed connection
2026/07/14 16:06:32 ZEBRA: [GK6BW-E28RD] NB_OP_CHANGE: oper_walk_done: ERROR: Error sending notification message for path: /frr-interface:lib/interface[name="dummy0"]/state
2026/07/14 16:06:32 ZEBRA: [X0ASY-1BHSQ] NB_OP_CHANGE: oper_walk_done: ERROR: Error notifying for datastore path: /frr-interface:lib/interface[name="dummy0"]/state: generic error
2026/07/14 16:06:32 ZEBRA: [YKHB9-ND03T] BE-client: msg_conn_send_msg: can't send message on closed connection
2026/07/14 16:06:32 ZEBRA: [GK6BW-E28RD] NB_OP_CHANGE: oper_walk_done: ERROR: Error sending notification message for path: /frr-interface:lib/interface[name="dummy0"]/state
2026/07/14 16:06:32 ZEBRA: [X0ASY-1BHSQ] NB_OP_CHANGE: oper_walk_done: ERROR: Error notifying for datastore path: /frr-interface:lib/interface[name="dummy0"]/state: generic error
2026/07/14 16:06:33 ZEBRA: [YKHB9-ND03T] BE-client: msg_conn_send_msg: can't send message on closed connection
2026/07/14 16:06:33 ZEBRA: [GK6BW-E28RD] NB_OP_CHANGE: oper_walk_done: ERROR: Error sending notification message for path: /frr-interface:lib/interface[name="dummy0"]/state
2026/07/14 16:06:33 ZEBRA: [X0ASY-1BHSQ] NB_OP_CHANGE: oper_walk_done: ERROR: Error notifying for datastore path: /frr-interface:lib/interface[name="dummy0"]/state: generic error
2026/07/14 16:06:33 ZEBRA: [YKHB9-ND03T] BE-client: msg_conn_send_msg: can't send message on closed connection
2026/07/14 16:06:33 ZEBRA: [GK6BW-E28RD] NB_OP_CHANGE: oper_walk_done: ERROR: Error sending notification message for path: /frr-interface:lib/interface[name="dummy0"]/state
2026/07/14 16:06:33 ZEBRA: [X0ASY-1BHSQ] NB_OP_CHANGE: oper_walk_done: ERROR: Error notifying for datastore path: /frr-interface:lib/interface[name="dummy0"]/state: generic error
2026/07/14 16:06:33 ZEBRA: [YKHB9-ND03T] BE-client: msg_conn_send_msg: can't send message on closed connection
2026/07/14 16:06:33 ZEBRA: [GK6BW-E28RD] NB_OP_CHANGE: oper_walk_done: ERROR: Error sending notification message for path: /frr-interface:lib/interface[name="dummy0"]/state
2026/07/14 16:06:33 ZEBRA: [X0ASY-1BHSQ] NB_OP_CHANGE: oper_walk_done: ERROR: Error notifying for datastore path: /frr-interface:lib/interface[name="dummy0"]/state: generic error
2026/07/14 16:06:33 ZEBRA: [YKHB9-ND03T] BE-client: msg_conn_send_msg: can't send message on closed connection
2026/07/14 16:06:33 ZEBRA: [GK6BW-E28RD] NB_OP_CHANGE: oper_walk_done: ERROR: Error sending notification message for path: /frr-interface:lib/interface[name="dummy0"]/state
2026/07/14 16:06:33 ZEBRA: [X0ASY-1BHSQ] NB_OP_CHANGE: oper_walk_done: ERROR: Error notifying for datastore path: /frr-interface:lib/interface[name="dummy0"]/state: generic error
2026/07/14 16:06:33 ZEBRA: [YKHB9-ND03T] BE-client: msg_conn_send_msg: can't send message on closed connection
2026/07/14 16:06:33 ZEBRA: [GK6BW-E28RD] NB_OP_CHANGE: oper_walk_done: ERROR: Error sending notification message for path: /frr-interface:lib/interface[name="dummy0"]/state
2026/07/14 16:06:33 ZEBRA: [X0ASY-1BHSQ] NB_OP_CHANGE: oper_walk_done: ERROR: Error notifying for datastore path: /frr-interface:lib/interface[name="dummy0"]/state: generic error
2026/07/14 16:06:33 ZEBRA: [YKHB9-ND03T] BE-client: msg_conn_send_msg: can't send message on closed connection
2026/07/14 16:06:33 ZEBRA: [GK6BW-E28RD] NB_OP_CHANGE: oper_walk_done: ERROR: Error sending notification message for path: /frr-interface:lib/interface[name="dummy0"]/state
2026/07/14 16:06:33 ZEBRA: [X0ASY-1BHSQ] NB_OP_CHANGE: oper_walk_done: ERROR: Error notifying for datastore path: /frr-interface:lib/interface[name="dummy0"]/state: generic error
2026/07/14 16:06:33 ZEBRA: [YKHB9-ND03T] BE-client: msg_conn_send_msg: can't send message on closed connection
2026/07/14 16:06:33 ZEBRA: [GK6BW-E28RD] NB_OP_CHANGE: oper_walk_done: ERROR: Error sending notification message for path: /frr-interface:lib/interface[name="dummy0"]/state
2026/07/14 16:06:33 ZEBRA: [X0ASY-1BHSQ] NB_OP_CHANGE: oper_walk_done: ERROR: Error notifying for datastore path: /frr-interface:lib/interface[name="dummy0"]/state: generic error
2026/07/14 16:06:33 ZEBRA: [YKHB9-ND03T] BE-client: msg_conn_send_msg: can't send message on closed connection
2026/07/14 16:06:33 ZEBRA: [GK6BW-E28RD] NB_OP_CHANGE: oper_walk_done: ERROR: Error sending notification message for path: /frr-interface:lib/interface[name="dummy0"]/state
2026/07/14 16:06:33 ZEBRA: [X0ASY-1BHSQ] NB_OP_CHANGE: oper_walk_done: ERROR: Error notifying for datastore path: /frr-interface:lib/interface[name="dummy0"]/state: generic error
2026/07/14 16:06:33 ZEBRA: [YKHB9-ND03T] BE-client: msg_conn_send_msg: can't send message on closed connection
2026/07/14 16:06:33 ZEBRA: [GK6BW-E28RD] NB_OP_CHANGE: oper_walk_done: ERROR: Error sending notification message for path: /frr-interface:lib/interface[name="dummy0"]/state
2026/07/14 16:06:33 ZEBRA: [X0ASY-1BHSQ] NB_OP_CHANGE: oper_walk_done: ERROR: Error notifying for datastore path: /frr-interface:lib/interface[name="dummy0"]/state: generic error
2026/07/14 16:06:33 ZEBRA: [YKHB9-ND03T] BE-client: msg_conn_send_msg: can't send message on closed connection
2026/07/14 16:06:33 ZEBRA: [GK6BW-E28RD] NB_OP_CHANGE: oper_walk_done: ERROR: Error sending notification message for path: /frr-interface:lib/interface[name="dummy0"]/state
2026/07/14 16:06:33 ZEBRA: [X0ASY-1BHSQ] NB_OP_CHANGE: oper_walk_done: ERROR: Error notifying for datastore path: /frr-interface:lib/interface[name="dummy0"]/state: generic error
2026/07/14 16:06:33 ZEBRA: [YKHB9-ND03T] BE-client: msg_conn_send_msg: can't send message on closed connection
2026/07/14 16:06:33 ZEBRA: [GK6BW-E28RD] NB_OP_CHANGE: oper_walk_done: ERROR: Error sending notification message for path: /frr-interface:lib/interface[name="dummy0"]/state
2026/07/14 16:06:33 ZEBRA: [X0ASY-1BHSQ] NB_OP_CHANGE: oper_walk_done: ERROR: Error notifying for datastore path: /frr-interface:lib/interface[name="dummy0"]/state: generic error
2026/07/14 16:06:33 ZEBRA: [YKHB9-ND03T] BE-client: msg_conn_send_msg: can't send message on closed connection
2026/07/14 16:06:33 ZEBRA: [GK6BW-E28RD] NB_OP_CHANGE: oper_walk_done: ERROR: Error sending notification message for path: /frr-interface:lib/interface[name="dummy0"]/state
2026/07/14 16:06:33 ZEBRA: [X0ASY-1BHSQ] NB_OP_CHANGE: oper_walk_done: ERROR: Error notifying for datastore path: /frr-interface:lib/interface[name="dummy0"]/state: generic error
2026/07/14 16:06:33 ZEBRA: [YKHB9-ND03T] BE-client: msg_conn_send_msg: can't send message on closed connection
2026/07/14 16:06:33 ZEBRA: [GK6BW-E28RD] NB_OP_CHANGE: oper_walk_done: ERROR: Error sending notification message for path: /frr-interface:lib/interface[name="dummy0"]/state
2026/07/14 16:06:33 ZEBRA: [X0ASY-1BHSQ] NB_OP_CHANGE: oper_walk_done: ERROR: Error notifying for datastore path: /frr-interface:lib/interface[name="dummy0"]/state: generic error
2026/07/14 16:06:33 ZEBRA: [YKHB9-ND03T] BE-client: msg_conn_send_msg: can't send message on closed connection
2026/07/14 16:06:33 ZEBRA: [GK6BW-E28RD] NB_OP_CHANGE: oper_walk_done: ERROR: Error sending notification message for path: /frr-interface:lib/interface[name="dummy0"]/state
2026/07/14 16:06:33 ZEBRA: [X0ASY-1BHSQ] NB_OP_CHANGE: oper_walk_done: ERROR: Error notifying for datastore path: /frr-interface:lib/interface[name="dummy0"]/state: generic error
2026/07/14 16:06:33 ZEBRA: [YKHB9-ND03T] BE-client: msg_conn_send_msg: can't send message on closed connection
2026/07/14 16:06:33 ZEBRA: [GK6BW-E28RD] NB_OP_CHANGE: oper_walk_done: ERROR: Error sending notification message for path: /frr-interface:lib/interface[name="dummy0"]/state
2026/07/14 16:06:33 ZEBRA: [X0ASY-1BHSQ] NB_OP_CHANGE: oper_walk_done: ERROR: Error notifying for datastore path: /frr-interface:lib/interface[name="dummy0"]/state: generic error
2026/07/14 16:06:33 ZEBRA: [YKHB9-ND03T] BE-client: msg_conn_send_msg: can't send message on closed connection
2026/07/14 16:06:33 ZEBRA: [GK6BW-E28RD] NB_OP_CHANGE: oper_walk_done: ERROR: Error sending notification message for path: /frr-interface:lib/interface[name="dummy0"]/state
2026/07/14 16:06:33 ZEBRA: [X0ASY-1BHSQ] NB_OP_CHANGE: oper_walk_done: ERROR: Error notifying for datastore path: /frr-interface:lib/interface[name="dummy0"]/state: generic error
2026/07/14 16:06:33 ZEBRA: [YKHB9-ND03T] BE-client: msg_conn_send_msg: can't send message on closed connection
2026/07/14 16:06:33 ZEBRA: [GK6BW-E28RD] NB_OP_CHANGE: oper_walk_done: ERROR: Error sending notification message for path: /frr-interface:lib/interface[name="dummy0"]/state
2026/07/14 16:06:33 ZEBRA: [X0ASY-1BHSQ] NB_OP_CHANGE: oper_walk_done: ERROR: Error notifying for datastore path: /frr-interface:lib/interface[name="dummy0"]/state: generic error
2026/07/14 16:06:33 ZEBRA: [YKHB9-ND03T] BE-client: msg_conn_send_msg: can't send message on closed connection
2026/07/14 16:06:33 ZEBRA: [GK6BW-E28RD] NB_OP_CHANGE: oper_walk_done: ERROR: Error sending notification message for path: /frr-interface:lib/interface[name="dummy0"]/state
2026/07/14 16:06:33 ZEBRA: [X0ASY-1BHSQ] NB_OP_CHANGE: oper_walk_done: ERROR: Error notifying for datastore path: /frr-interface:lib/interface[name="dummy0"]/state: generic error
2026/07/14 16:06:33 ZEBRA: [YKHB9-ND03T] BE-client: msg_conn_send_msg: can't send message on closed connection
2026/07/14 16:06:33 ZEBRA: [GK6BW-E28RD] NB_OP_CHANGE: oper_walk_done: ERROR: Error sending notification message for path: /frr-interface:lib/interface[name="dummy0"]/state
2026/07/14 16:06:33 ZEBRA: [X0ASY-1BHSQ] NB_OP_CHANGE: oper_walk_done: ERROR: Error notifying for datastore path: /frr-interface:lib/interface[name="dummy0"]/state: generic error
2026/07/14 16:06:33 ZEBRA: [YKHB9-ND03T] BE-client: msg_conn_send_msg: can't send message on closed connection
2026/07/14 16:06:33 ZEBRA: [GK6BW-E28RD] NB_OP_CHANGE: oper_walk_done: ERROR: Error sending notification message for path: /frr-interface:lib/interface[name="dummy0"]/state
2026/07/14 16:06:33 ZEBRA: [X0ASY-1BHSQ] NB_OP_CHANGE: oper_walk_done: ERROR: Error notifying for datastore path: /frr-interface:lib/interface[name="dummy0"]/state: generic error
2026/07/14 16:06:33 ZEBRA: [YKHB9-ND03T] BE-client: msg_conn_send_msg: can't send message on closed connection
2026/07/14 16:06:33 ZEBRA: [GK6BW-E28RD] NB_OP_CHANGE: oper_walk_done: ERROR: Error sending notification message for path: /frr-interface:lib/interface[name="dummy0"]/state
2026/07/14 16:06:33 ZEBRA: [X0ASY-1BHSQ] NB_OP_CHANGE: oper_walk_done: ERROR: Error notifying for datastore path: /frr-interface:lib/interface[name="dummy0"]/state: generic error
2026/07/14 16:06:33 ZEBRA: [YKHB9-ND03T] BE-client: msg_conn_send_msg: can't send message on closed connection
2026/07/14 16:06:33 ZEBRA: [GK6BW-E28RD] NB_OP_CHANGE: oper_walk_done: ERROR: Error sending notification message for path: /frr-interface:lib/interface[name="dummy0"]/state
2026/07/14 16:06:33 ZEBRA: [X0ASY-1BHSQ] NB_OP_CHANGE: oper_walk_done: ERROR: Error notifying for datastore path: /frr-interface:lib/interface[name="dummy0"]/state: generic error
2026/07/14 16:06:33 ZEBRA: [YKHB9-ND03T] BE-client: msg_conn_send_msg: can't send message on closed connection
2026/07/14 16:06:33 ZEBRA: [GK6BW-E28RD] NB_OP_CHANGE: oper_walk_done: ERROR: Error sending notification message for path: /frr-interface:lib/interface[name="dummy0"]/state
2026/07/14 16:06:33 ZEBRA: [X0ASY-1BHSQ] NB_OP_CHANGE: oper_walk_done: ERROR: Error notifying for datastore path: /frr-interface:lib/interface[name="dummy0"]/state: generic error
2026/07/14 16:06:33 ZEBRA: [YKHB9-ND03T] BE-client: msg_conn_send_msg: can't send message on closed connection
2026/07/14 16:06:33 ZEBRA: [GK6BW-E28RD] NB_OP_CHANGE: oper_walk_done: ERROR: Error sending notification message for path: /frr-interface:lib/interface[name="dummy0"]/state
2026/07/14 16:06:33 ZEBRA: [X0ASY-1BHSQ] NB_OP_CHANGE: oper_walk_done: ERROR: Error notifying for datastore path: /frr-interface:lib/interface[name="dummy0"]/state: generic error
2026/07/14 16:06:33 ZEBRA: [YKHB9-ND03T] BE-client: msg_conn_send_msg: can't send message on closed connection
2026/07/14 16:06:33 ZEBRA: [GK6BW-E28RD] NB_OP_CHANGE: oper_walk_done: ERROR: Error sending notification message for path: /frr-interface:lib/interface[name="dummy0"]/state
2026/07/14 16:06:33 ZEBRA: [X0ASY-1BHSQ] NB_OP_CHANGE: oper_walk_done: ERROR: Error notifying for datastore path: /frr-interface:lib/interface[name="dummy0"]/state: generic error
2026/07/14 16:06:33 ZEBRA: [YKHB9-ND03T] BE-client: msg_conn_send_msg: can't send message on closed connection
2026/07/14 16:06:33 ZEBRA: [GK6BW-E28RD] NB_OP_CHANGE: oper_walk_done: ERROR: Error sending notification message for path: /frr-interface:lib/interface[name="dummy0"]/state
2026/07/14 16:06:33 ZEBRA: [X0ASY-1BHSQ] NB_OP_CHANGE: oper_walk_done: ERROR: Error notifying for datastore path: /frr-interface:lib/interface[name="dummy0"]/state: generic error
2026/07/14 16:06:33 ZEBRA: [YKHB9-ND03T] BE-client: msg_conn_send_msg: can't send message on closed connection
2026/07/14 16:06:33 ZEBRA: [GK6BW-E28RD] NB_OP_CHANGE: oper_walk_done: ERROR: Error sending notification message for path: /frr-interface:lib/interface[name="dummy0"]/state
2026/07/14 16:06:33 ZEBRA: [X0ASY-1BHSQ] NB_OP_CHANGE: oper_walk_done: ERROR: Error notifying for datastore path: /frr-interface:lib/interface[name="dummy0"]/state: generic error
2026/07/14 16:06:33 ZEBRA: [YKHB9-ND03T] BE-client: msg_conn_send_msg: can't send message on closed connection
2026/07/14 16:06:33 ZEBRA: [GK6BW-E28RD] NB_OP_CHANGE: oper_walk_done: ERROR: Error sending notification message for path: /frr-interface:lib/interface[name="dummy0"]/state
2026/07/14 16:06:33 ZEBRA: [X0ASY-1BHSQ] NB_OP_CHANGE: oper_walk_done: ERROR: Error notifying for datastore path: /frr-interface:lib/interface[name="dummy0"]/state: generic error
2026/07/14 16:06:33 ZEBRA: [YKHB9-ND03T] BE-client: msg_conn_send_msg: can't send message on closed connection
2026/07/14 16:06:33 ZEBRA: [GK6BW-E28RD] NB_OP_CHANGE: oper_walk_done: ERROR: Error sending notification message for path: /frr-interface:lib/interface[name="dummy0"]/state
2026/07/14 16:06:33 ZEBRA: [X0ASY-1BHSQ] NB_OP_CHANGE: oper_walk_done: ERROR: Error notifying for datastore path: /frr-interface:lib/interface[name="dummy0"]/state: generic error
2026/07/14 16:06:33 ZEBRA: [YKHB9-ND03T] BE-client: msg_conn_send_msg: can't send message on closed connection
2026/07/14 16:06:33 ZEBRA: [GK6BW-E28RD] NB_OP_CHANGE: oper_walk_done: ERROR: Error sending notification message for path: /frr-interface:lib/interface[name="dummy0"]/state
2026/07/14 16:06:33 ZEBRA: [X0ASY-1BHSQ] NB_OP_CHANGE: oper_walk_done: ERROR: Error notifying for datastore path: /frr-interface:lib/interface[name="dummy0"]/state: generic error
2026/07/14 16:06:33 ZEBRA: [YKHB9-ND03T] BE-client: msg_conn_send_msg: can't send message on closed connection
2026/07/14 16:06:33 ZEBRA: [GK6BW-E28RD] NB_OP_CHANGE: oper_walk_done: ERROR: Error sending notification message for path: /frr-interface:lib/interface[name="dummy0"]/state
2026/07/14 16:06:33 ZEBRA: [X0ASY-1BHSQ] NB_OP_CHANGE: oper_walk_done: ERROR: Error notifying for datastore path: /frr-interface:lib/interface[name="dummy0"]/state: generic error
2026/07/14 16:06:33 ZEBRA: [YKHB9-ND03T] BE-client: msg_conn_send_msg: can't send message on closed connection
2026/07/14 16:06:33 ZEBRA: [GK6BW-E28RD] NB_OP_CHANGE: oper_walk_done: ERROR: Error sending notification message for path: /frr-interface:lib/interface[name="dummy0"]/state
2026/07/14 16:06:33 ZEBRA: [X0ASY-1BHSQ] NB_OP_CHANGE: oper_walk_done: ERROR: Error notifying for datastore path: /frr-interface:lib/interface[name="dummy0"]/state: generic error
2026/07/14 16:06:33 ZEBRA: [YKHB9-ND03T] BE-client: msg_conn_send_msg: can't send message on closed connection
2026/07/14 16:06:33 ZEBRA: [GK6BW-E28RD] NB_OP_CHANGE: oper_walk_done: ERROR: Error sending notification message for path: /frr-interface:lib/interface[name="dummy0"]/state
2026/07/14 16:06:33 ZEBRA: [X0ASY-1BHSQ] NB_OP_CHANGE: oper_walk_done: ERROR: Error notifying for datastore path: /frr-interface:lib/interface[name="dummy0"]/state: generic error
2026/07/14 16:06:33 ZEBRA: [YKHB9-ND03T] BE-client: msg_conn_send_msg: can't send message on closed connection
2026/07/14 16:06:33 ZEBRA: [GK6BW-E28RD] NB_OP_CHANGE: oper_walk_done: ERROR: Error sending notification message for path: /frr-interface:lib/interface[name="dummy0"]/state
2026/07/14 16:06:33 ZEBRA: [X0ASY-1BHSQ] NB_OP_CHANGE: oper_walk_done: ERROR: Error notifying for datastore path: /frr-interface:lib/interface[name="dummy0"]/state: generic error
2026/07/14 16:06:33 ZEBRA: [YKHB9-ND03T] BE-client: msg_conn_send_msg: can't send message on closed connection
2026/07/14 16:06:33 ZEBRA: [GK6BW-E28RD] NB_OP_CHANGE: oper_walk_done: ERROR: Error sending notification message for path: /frr-interface:lib/interface[name="dummy0"]/state
2026/07/14 16:06:33 ZEBRA: [X0ASY-1BHSQ] NB_OP_CHANGE: oper_walk_done: ERROR: Error notifying for datastore path: /frr-interface:lib/interface[name="dummy0"]/state: generic error
2026/07/14 16:06:33 ZEBRA: [YKHB9-ND03T] BE-client: msg_conn_send_msg: can't send message on closed connection
2026/07/14 16:06:33 ZEBRA: [GK6BW-E28RD] NB_OP_CHANGE: oper_walk_done: ERROR: Error sending notification message for path: /frr-interface:lib/interface[name="dummy0"]/state
2026/07/14 16:06:33 ZEBRA: [X0ASY-1BHSQ] NB_OP_CHANGE: oper_walk_done: ERROR: Error notifying for datastore path: /frr-interface:lib/interface[name="dummy0"]/state: generic error
2026/07/14 16:06:33 ZEBRA: [YKHB9-ND03T] BE-client: msg_conn_send_msg: can't send message on closed connection
2026/07/14 16:06:33 ZEBRA: [GK6BW-E28RD] NB_OP_CHANGE: oper_walk_done: ERROR: Error sending notification message for path: /frr-interface:lib/interface[name="dummy0"]/state
2026/07/14 16:06:33 ZEBRA: [X0ASY-1BHSQ] NB_OP_CHANGE: oper_walk_done: ERROR: Error notifying for datastore path: /frr-interface:lib/interface[name="dummy0"]/state: generic error
2026/07/14 16:06:33 ZEBRA: [YKHB9-ND03T] BE-client: msg_conn_send_msg: can't send message on closed connection
2026/07/14 16:06:33 ZEBRA: [GK6BW-E28RD] NB_OP_CHANGE: oper_walk_done: ERROR: Error sending notification message for path: /frr-interface:lib/interface[name="dummy0"]/state
2026/07/14 16:06:33 ZEBRA: [X0ASY-1BHSQ] NB_OP_CHANGE: oper_walk_done: ERROR: Error notifying for datastore path: /frr-interface:lib/interface[name="dummy0"]/state: generic error
2026/07/14 16:06:33 ZEBRA: [YKHB9-ND03T] BE-client: msg_conn_send_msg: can't send message on closed connection
2026/07/14 16:06:33 ZEBRA: [GK6BW-E28RD] NB_OP_CHANGE: oper_walk_done: ERROR: Error sending notification message for path: /frr-interface:lib/interface[name="dummy0"]/state
2026/07/14 16:06:33 ZEBRA: [X0ASY-1BHSQ] NB_OP_CHANGE: oper_walk_done: ERROR: Error notifying for datastore path: /frr-interface:lib/interface[name="dummy0"]/state: generic error
2026/07/14 16:06:33 ZEBRA: [YKHB9-ND03T] BE-client: msg_conn_send_msg: can't send message on closed connection
2026/07/14 16:06:33 ZEBRA: [GK6BW-E28RD] NB_OP_CHANGE: oper_walk_done: ERROR: Error sending notification message for path: /frr-interface:lib/interface[name="dummy0"]/state
2026/07/14 16:06:33 ZEBRA: [X0ASY-1BHSQ] NB_OP_CHANGE: oper_walk_done: ERROR: Error notifying for datastore path: /frr-interface:lib/interface[name="dummy0"]/state: generic error
2026/07/14 16:06:33 ZEBRA: [YKHB9-ND03T] BE-client: msg_conn_send_msg: can't send message on closed connection
2026/07/14 16:06:33 ZEBRA: [GK6BW-E28RD] NB_OP_CHANGE: oper_walk_done: ERROR: Error sending notification message for path: /frr-interface:lib/interface[name="dummy0"]/state
2026/07/14 16:06:33 ZEBRA: [X0ASY-1BHSQ] NB_OP_CHANGE: oper_walk_done: ERROR: Error notifying for datastore path: /frr-interface:lib/interface[name="dummy0"]/state: generic error
2026/07/14 16:06:33 ZEBRA: [YKHB9-ND03T] BE-client: msg_conn_send_msg: can't send message on closed connection
2026/07/14 16:06:33 ZEBRA: [GK6BW-E28RD] NB_OP_CHANGE: oper_walk_done: ERROR: Error sending notification message for path: /frr-interface:lib/interface[name="dummy0"]/state
2026/07/14 16:06:33 ZEBRA: [X0ASY-1BHSQ] NB_OP_CHANGE: oper_walk_done: ERROR: Error notifying for datastore path: /frr-interface:lib/interface[name="dummy0"]/state: generic error
2026/07/14 16:06:33 ZEBRA: [KMXEB-K771Y] netlink_parse_info: netlink-dp-in (NS 0) type RTM_NEWNEIGH(28), len=76, seq=0, pid=0
2026/07/14 16:06:33 ZEBRA: [Y6ZNP-9NYSB] Rx RTM_NEWNEIGH family ipv4 IF 2 NSID 0 IP 10.88.0.1 MAC 72:1a:f5:17:94:7f state 0x4 flags 0x0 ext_flags 0x0, proto 0
2026/07/14 16:06:33 ZEBRA: [XPW9V-4XP24]     Neighbor Entry received is not on a VLAN or a BRIDGE, ignoring
2026/07/14 16:06:33 ZEBRA: [YKHB9-ND03T] BE-client: msg_conn_send_msg: can't send message on closed connection
2026/07/14 16:06:33 ZEBRA: [GK6BW-E28RD] NB_OP_CHANGE: oper_walk_done: ERROR: Error sending notification message for path: /frr-interface:lib/interface[name="dummy0"]/state
2026/07/14 16:06:33 ZEBRA: [X0ASY-1BHSQ] NB_OP_CHANGE: oper_walk_done: ERROR: Error notifying for datastore path: /frr-interface:lib/interface[name="dummy0"]/state: generic error
2026/07/14 16:06:33 ZEBRA: [YKHB9-ND03T] BE-client: msg_conn_send_msg: can't send message on closed connection
2026/07/14 16:06:33 ZEBRA: [GK6BW-E28RD] NB_OP_CHANGE: oper_walk_done: ERROR: Error sending notification message for path: /frr-interface:lib/interface[name="dummy0"]/state
2026/07/14 16:06:33 ZEBRA: [X0ASY-1BHSQ] NB_OP_CHANGE: oper_walk_done: ERROR: Error notifying for datastore path: /frr-interface:lib/interface[name="dummy0"]/state: generic error
2026/07/14 16:06:33 ZEBRA: [YKHB9-ND03T] BE-client: msg_conn_send_msg: can't send message on closed connection
2026/07/14 16:06:33 ZEBRA: [GK6BW-E28RD] NB_OP_CHANGE: oper_walk_done: ERROR: Error sending notification message for path: /frr-interface:lib/interface[name="dummy0"]/state
2026/07/14 16:06:33 ZEBRA: [X0ASY-1BHSQ] NB_OP_CHANGE: oper_walk_done: ERROR: Error notifying for datastore path: /frr-interface:lib/interface[name="dummy0"]/state: generic error
2026/07/14 16:06:33 ZEBRA: [YKHB9-ND03T] BE-client: msg_conn_send_msg: can't send message on closed connection
2026/07/14 16:06:33 ZEBRA: [GK6BW-E28RD] NB_OP_CHANGE: oper_walk_done: ERROR: Error sending notification message for path: /frr-interface:lib/interface[name="dummy0"]/state
2026/07/14 16:06:33 ZEBRA: [X0ASY-1BHSQ] NB_OP_CHANGE: oper_walk_done: ERROR: Error notifying for datastore path: /frr-interface:lib/interface[name="dummy0"]/state: generic error
2026/07/14 16:06:33 ZEBRA: [YKHB9-ND03T] BE-client: msg_conn_send_msg: can't send message on closed connection
2026/07/14 16:06:33 ZEBRA: [GK6BW-E28RD] NB_OP_CHANGE: oper_walk_done: ERROR: Error sending notification message for path: /frr-interface:lib/interface[name="dummy0"]/state
2026/07/14 16:06:33 ZEBRA: [X0ASY-1BHSQ] NB_OP_CHANGE: oper_walk_done: ERROR: Error notifying for datastore path: /frr-interface:lib/interface[name="dummy0"]/state: generic error
2026/07/14 16:06:33 ZEBRA: [YKHB9-ND03T] BE-client: msg_conn_send_msg: can't send message on closed connection
2026/07/14 16:06:33 ZEBRA: [GK6BW-E28RD] NB_OP_CHANGE: oper_walk_done: ERROR: Error sending notification message for path: /frr-interface:lib/interface[name="dummy0"]/state
2026/07/14 16:06:33 ZEBRA: [X0ASY-1BHSQ] NB_OP_CHANGE: oper_walk_done: ERROR: Error notifying for datastore path: /frr-interface:lib/interface[name="dummy0"]/state: generic error
2026/07/14 16:06:33 ZEBRA: [YKHB9-ND03T] BE-client: msg_conn_send_msg: can't send message on closed connection
2026/07/14 16:06:33 ZEBRA: [GK6BW-E28RD] NB_OP_CHANGE: oper_walk_done: ERROR: Error sending notification message for path: /frr-interface:lib/interface[name="dummy0"]/state
2026/07/14 16:06:33 ZEBRA: [X0ASY-1BHSQ] NB_OP_CHANGE: oper_walk_done: ERROR: Error notifying for datastore path: /frr-interface:lib/interface[name="dummy0"]/state: generic error
2026/07/14 16:06:33 ZEBRA: [YKHB9-ND03T] BE-client: msg_conn_send_msg: can't send message on closed connection
2026/07/14 16:06:33 ZEBRA: [GK6BW-E28RD] NB_OP_CHANGE: oper_walk_done: ERROR: Error sending notification message for path: /frr-interface:lib/interface[name="dummy0"]/state
2026/07/14 16:06:33 ZEBRA: [X0ASY-1BHSQ] NB_OP_CHANGE: oper_walk_done: ERROR: Error notifying for datastore path: /frr-interface:lib/interface[name="dummy0"]/state: generic error
2026/07/14 16:06:33 ZEBRA: [YKHB9-ND03T] BE-client: msg_conn_send_msg: can't send message on closed connection
2026/07/14 16:06:33 ZEBRA: [GK6BW-E28RD] NB_OP_CHANGE: oper_walk_done: ERROR: Error sending notification message for path: /frr-interface:lib/interface[name="dummy0"]/state
2026/07/14 16:06:33 ZEBRA: [X0ASY-1BHSQ] NB_OP_CHANGE: oper_walk_done: ERROR: Error notifying for datastore path: /frr-interface:lib/interface[name="dummy0"]/state: generic error
2026/07/14 16:06:33 ZEBRA: [YKHB9-ND03T] BE-client: msg_conn_send_msg: can't send message on closed connection
2026/07/14 16:06:33 ZEBRA: [GK6BW-E28RD] NB_OP_CHANGE: oper_walk_done: ERROR: Error sending notification message for path: /frr-interface:lib/interface[name="dummy0"]/state
2026/07/14 16:06:33 ZEBRA: [X0ASY-1BHSQ] NB_OP_CHANGE: oper_walk_done: ERROR: Error notifying for datastore path: /frr-interface:lib/interface[name="dummy0"]/state: generic error
2026/07/14 16:06:33 ZEBRA: [YKHB9-ND03T] BE-client: msg_conn_send_msg: can't send message on closed connection
2026/07/14 16:06:33 ZEBRA: [GK6BW-E28RD] NB_OP_CHANGE: oper_walk_done: ERROR: Error sending notification message for path: /frr-interface:lib/interface[name="dummy0"]/state
2026/07/14 16:06:33 ZEBRA: [X0ASY-1BHSQ] NB_OP_CHANGE: oper_walk_done: ERROR: Error notifying for datastore path: /frr-interface:lib/interface[name="dummy0"]/state: generic error
2026/07/14 16:06:33 ZEBRA: [YKHB9-ND03T] BE-client: msg_conn_send_msg: can't send message on closed connection
2026/07/14 16:06:33 ZEBRA: [GK6BW-E28RD] NB_OP_CHANGE: oper_walk_done: ERROR: Error sending notification message for path: /frr-interface:lib/interface[name="dummy0"]/state
2026/07/14 16:06:33 ZEBRA: [X0ASY-1BHSQ] NB_OP_CHANGE: oper_walk_done: ERROR: Error notifying for datastore path: /frr-interface:lib/interface[name="dummy0"]/state: generic error
2026/07/14 16:06:33 ZEBRA: [YKHB9-ND03T] BE-client: msg_conn_send_msg: can't send message on closed connection
2026/07/14 16:06:33 ZEBRA: [GK6BW-E28RD] NB_OP_CHANGE: oper_walk_done: ERROR: Error sending notification message for path: /frr-interface:lib/interface[name="dummy0"]/state
2026/07/14 16:06:33 ZEBRA: [X0ASY-1BHSQ] NB_OP_CHANGE: oper_walk_done: ERROR: Error notifying for datastore path: /frr-interface:lib/interface[name="dummy0"]/state: generic error
2026/07/14 16:06:33 ZEBRA: [YKHB9-ND03T] BE-client: msg_conn_send_msg: can't send message on closed connection
2026/07/14 16:06:33 ZEBRA: [GK6BW-E28RD] NB_OP_CHANGE: oper_walk_done: ERROR: Error sending notification message for path: /frr-interface:lib/interface[name="dummy0"]/state
2026/07/14 16:06:33 ZEBRA: [X0ASY-1BHSQ] NB_OP_CHANGE: oper_walk_done: ERROR: Error notifying for datastore path: /frr-interface:lib/interface[name="dummy0"]/state: generic error
2026/07/14 16:06:33 ZEBRA: [YKHB9-ND03T] BE-client: msg_conn_send_msg: can't send message on closed connection
2026/07/14 16:06:33 ZEBRA: [GK6BW-E28RD] NB_OP_CHANGE: oper_walk_done: ERROR: Error sending notification message for path: /frr-interface:lib/interface[name="dummy0"]/state
2026/07/14 16:06:33 ZEBRA: [X0ASY-1BHSQ] NB_OP_CHANGE: oper_walk_done: ERROR: Error notifying for datastore path: /frr-interface:lib/interface[name="dummy0"]/state: generic error
2026/07/14 16:06:33 ZEBRA: [YKHB9-ND03T] BE-client: msg_conn_send_msg: can't send message on closed connection
2026/07/14 16:06:33 ZEBRA: [GK6BW-E28RD] NB_OP_CHANGE: oper_walk_done: ERROR: Error sending notification message for path: /frr-interface:lib/interface[name="dummy0"]/state
2026/07/14 16:06:33 ZEBRA: [X0ASY-1BHSQ] NB_OP_CHANGE: oper_walk_done: ERROR: Error notifying for datastore path: /frr-interface:lib/interface[name="dummy0"]/state: generic error
2026/07/14 16:06:33 ZEBRA: [YKHB9-ND03T] BE-client: msg_conn_send_msg: can't send message on closed connection
2026/07/14 16:06:33 ZEBRA: [GK6BW-E28RD] NB_OP_CHANGE: oper_walk_done: ERROR: Error sending notification message for path: /frr-interface:lib/interface[name="dummy0"]/state
2026/07/14 16:06:33 ZEBRA: [X0ASY-1BHSQ] NB_OP_CHANGE: oper_walk_done: ERROR: Error notifying for datastore path: /frr-interface:lib/interface[name="dummy0"]/state: generic error
2026/07/14 16:06:33 ZEBRA: [YKHB9-ND03T] BE-client: msg_conn_send_msg: can't send message on closed connection
2026/07/14 16:06:33 ZEBRA: [GK6BW-E28RD] NB_OP_CHANGE: oper_walk_done: ERROR: Error sending notification message for path: /frr-interface:lib/interface[name="dummy0"]/state
2026/07/14 16:06:33 ZEBRA: [X0ASY-1BHSQ] NB_OP_CHANGE: oper_walk_done: ERROR: Error notifying for datastore path: /frr-interface:lib/interface[name="dummy0"]/state: generic error
2026/07/14 16:06:33 ZEBRA: [YKHB9-ND03T] BE-client: msg_conn_send_msg: can't send message on closed connection
2026/07/14 16:06:33 ZEBRA: [GK6BW-E28RD] NB_OP_CHANGE: oper_walk_done: ERROR: Error sending notification message for path: /frr-interface:lib/interface[name="dummy0"]/state
2026/07/14 16:06:33 ZEBRA: [X0ASY-1BHSQ] NB_OP_CHANGE: oper_walk_done: ERROR: Error notifying for datastore path: /frr-interface:lib/interface[name="dummy0"]/state: generic error
2026/07/14 16:06:33 ZEBRA: [YKHB9-ND03T] BE-client: msg_conn_send_msg: can't send message on closed connection
2026/07/14 16:06:33 ZEBRA: [GK6BW-E28RD] NB_OP_CHANGE: oper_walk_done: ERROR: Error sending notification message for path: /frr-interface:lib/interface[name="dummy0"]/state
2026/07/14 16:06:33 ZEBRA: [X0ASY-1BHSQ] NB_OP_CHANGE: oper_walk_done: ERROR: Error notifying for datastore path: /frr-interface:lib/interface[name="dummy0"]/state: generic error
2026/07/14 16:06:33 ZEBRA: [YKHB9-ND03T] BE-client: msg_conn_send_msg: can't send message on closed connection
2026/07/14 16:06:33 ZEBRA: [GK6BW-E28RD] NB_OP_CHANGE: oper_walk_done: ERROR: Error sending notification message for path: /frr-interface:lib/interface[name="dummy0"]/state
2026/07/14 16:06:33 ZEBRA: [X0ASY-1BHSQ] NB_OP_CHANGE: oper_walk_done: ERROR: Error notifying for datastore path: /frr-interface:lib/interface[name="dummy0"]/state: generic error
2026/07/14 16:06:33 ZEBRA: [YKHB9-ND03T] BE-client: msg_conn_send_msg: can't send message on closed connection
2026/07/14 16:06:33 ZEBRA: [GK6BW-E28RD] NB_OP_CHANGE: oper_walk_done: ERROR: Error sending notification message for path: /frr-interface:lib/interface[name="dummy0"]/state
2026/07/14 16:06:33 ZEBRA: [X0ASY-1BHSQ] NB_OP_CHANGE: oper_walk_done: ERROR: Error notifying for datastore path: /frr-interface:lib/interface[name="dummy0"]/state: generic error
2026/07/14 16:06:33 ZEBRA: [YKHB9-ND03T] BE-client: msg_conn_send_msg: can't send message on closed connection
2026/07/14 16:06:33 ZEBRA: [GK6BW-E28RD] NB_OP_CHANGE: oper_walk_done: ERROR: Error sending notification message for path: /frr-interface:lib/interface[name="dummy0"]/state
2026/07/14 16:06:33 ZEBRA: [X0ASY-1BHSQ] NB_OP_CHANGE: oper_walk_done: ERROR: Error notifying for datastore path: /frr-interface:lib/interface[name="dummy0"]/state: generic error
2026/07/14 16:06:33 ZEBRA: [YKHB9-ND03T] BE-client: msg_conn_send_msg: can't send message on closed connection
2026/07/14 16:06:33 ZEBRA: [GK6BW-E28RD] NB_OP_CHANGE: oper_walk_done: ERROR: Error sending notification message for path: /frr-interface:lib/interface[name="dummy0"]/state
2026/07/14 16:06:33 ZEBRA: [X0ASY-1BHSQ] NB_OP_CHANGE: oper_walk_done: ERROR: Error notifying for datastore path: /frr-interface:lib/interface[name="dummy0"]/state: generic error
2026/07/14 16:06:33 ZEBRA: [YKHB9-ND03T] BE-client: msg_conn_send_msg: can't send message on closed connection
2026/07/14 16:06:33 ZEBRA: [GK6BW-E28RD] NB_OP_CHANGE: oper_walk_done: ERROR: Error sending notification message for path: /frr-interface:lib/interface[name="dummy0"]/state
2026/07/14 16:06:33 ZEBRA: [X0ASY-1BHSQ] NB_OP_CHANGE: oper_walk_done: ERROR: Error notifying for datastore path: /frr-interface:lib/interface[name="dummy0"]/state: generic error
2026/07/14 16:06:33 ZEBRA: [YKHB9-ND03T] BE-client: msg_conn_send_msg: can't send message on closed connection
2026/07/14 16:06:33 ZEBRA: [GK6BW-E28RD] NB_OP_CHANGE: oper_walk_done: ERROR: Error sending notification message for path: /frr-interface:lib/interface[name="dummy0"]/state
2026/07/14 16:06:33 ZEBRA: [X0ASY-1BHSQ] NB_OP_CHANGE: oper_walk_done: ERROR: Error notifying for datastore path: /frr-interface:lib/interface[name="dummy0"]/state: generic error
2026/07/14 16:06:33 ZEBRA: [YKHB9-ND03T] BE-client: msg_conn_send_msg: can't send message on closed connection
2026/07/14 16:06:33 ZEBRA: [GK6BW-E28RD] NB_OP_CHANGE: oper_walk_done: ERROR: Error sending notification message for path: /frr-interface:lib/interface[name="dummy0"]/state
2026/07/14 16:06:33 ZEBRA: [X0ASY-1BHSQ] NB_OP_CHANGE: oper_walk_done: ERROR: Error notifying for datastore path: /frr-interface:lib/interface[name="dummy0"]/state: generic error
2026/07/14 16:06:33 ZEBRA: [YKHB9-ND03T] BE-client: msg_conn_send_msg: can't send message on closed connection
2026/07/14 16:06:33 ZEBRA: [GK6BW-E28RD] NB_OP_CHANGE: oper_walk_done: ERROR: Error sending notification message for path: /frr-interface:lib/interface[name="dummy0"]/state
2026/07/14 16:06:33 ZEBRA: [X0ASY-1BHSQ] NB_OP_CHANGE: oper_walk_done: ERROR: Error notifying for datastore path: /frr-interface:lib/interface[name="dummy0"]/state: generic error
2026/07/14 16:06:33 ZEBRA: [YKHB9-ND03T] BE-client: msg_conn_send_msg: can't send message on closed connection
2026/07/14 16:06:33 ZEBRA: [GK6BW-E28RD] NB_OP_CHANGE: oper_walk_done: ERROR: Error sending notification message for path: /frr-interface:lib/interface[name="dummy0"]/state
2026/07/14 16:06:33 ZEBRA: [X0ASY-1BHSQ] NB_OP_CHANGE: oper_walk_done: ERROR: Error notifying for datastore path: /frr-interface:lib/interface[name="dummy0"]/state: generic error
2026/07/14 16:06:33 ZEBRA: [YKHB9-ND03T] BE-client: msg_conn_send_msg: can't send message on closed connection
2026/07/14 16:06:33 ZEBRA: [GK6BW-E28RD] NB_OP_CHANGE: oper_walk_done: ERROR: Error sending notification message for path: /frr-interface:lib/interface[name="dummy0"]/state
2026/07/14 16:06:33 ZEBRA: [X0ASY-1BHSQ] NB_OP_CHANGE: oper_walk_done: ERROR: Error notifying for datastore path: /frr-interface:lib/interface[name="dummy0"]/state: generic error
2026/07/14 16:06:33 ZEBRA: [YKHB9-ND03T] BE-client: msg_conn_send_msg: can't send message on closed connection
2026/07/14 16:06:33 ZEBRA: [GK6BW-E28RD] NB_OP_CHANGE: oper_walk_done: ERROR: Error sending notification message for path: /frr-interface:lib/interface[name="dummy0"]/state
2026/07/14 16:06:33 ZEBRA: [X0ASY-1BHSQ] NB_OP_CHANGE: oper_walk_done: ERROR: Error notifying for datastore path: /frr-interface:lib/interface[name="dummy0"]/state: generic error
2026/07/14 16:06:33 ZEBRA: [YKHB9-ND03T] BE-client: msg_conn_send_msg: can't send message on closed connection
2026/07/14 16:06:33 ZEBRA: [GK6BW-E28RD] NB_OP_CHANGE: oper_walk_done: ERROR: Error sending notification message for path: /frr-interface:lib/interface[name="dummy0"]/state
2026/07/14 16:06:33 ZEBRA: [X0ASY-1BHSQ] NB_OP_CHANGE: oper_walk_done: ERROR: Error notifying for datastore path: /frr-interface:lib/interface[name="dummy0"]/state: generic error
2026/07/14 16:06:33 ZEBRA: [YKHB9-ND03T] BE-client: msg_conn_send_msg: can't send message on closed connection
2026/07/14 16:06:33 ZEBRA: [GK6BW-E28RD] NB_OP_CHANGE: oper_walk_done: ERROR: Error sending notification message for path: /frr-interface:lib/interface[name="dummy0"]/state
2026/07/14 16:06:33 ZEBRA: [X0ASY-1BHSQ] NB_OP_CHANGE: oper_walk_done: ERROR: Error notifying for datastore path: /frr-interface:lib/interface[name="dummy0"]/state: generic error
2026/07/14 16:06:33 ZEBRA: [YKHB9-ND03T] BE-client: msg_conn_send_msg: can't send message on closed connection
2026/07/14 16:06:33 ZEBRA: [GK6BW-E28RD] NB_OP_CHANGE: oper_walk_done: ERROR: Error sending notification message for path: /frr-interface:lib/interface[name="dummy0"]/state
2026/07/14 16:06:33 ZEBRA: [X0ASY-1BHSQ] NB_OP_CHANGE: oper_walk_done: ERROR: Error notifying for datastore path: /frr-interface:lib/interface[name="dummy0"]/state: generic error
2026/07/14 16:06:33 ZEBRA: [YKHB9-ND03T] BE-client: msg_conn_send_msg: can't send message on closed connection
2026/07/14 16:06:33 ZEBRA: [GK6BW-E28RD] NB_OP_CHANGE: oper_walk_done: ERROR: Error sending notification message for path: /frr-interface:lib/interface[name="dummy0"]/state
2026/07/14 16:06:33 ZEBRA: [X0ASY-1BHSQ] NB_OP_CHANGE: oper_walk_done: ERROR: Error notifying for datastore path: /frr-interface:lib/interface[name="dummy0"]/state: generic error
2026/07/14 16:06:33 ZEBRA: [YKHB9-ND03T] BE-client: msg_conn_send_msg: can't send message on closed connection
2026/07/14 16:06:33 ZEBRA: [GK6BW-E28RD] NB_OP_CHANGE: oper_walk_done: ERROR: Error sending notification message for path: /frr-interface:lib/interface[name="dummy0"]/state
2026/07/14 16:06:33 ZEBRA: [X0ASY-1BHSQ] NB_OP_CHANGE: oper_walk_done: ERROR: Error notifying for datastore path: /frr-interface:lib/interface[name="dummy0"]/state: generic error
2026/07/14 16:06:33 ZEBRA: [YKHB9-ND03T] BE-client: msg_conn_send_msg: can't send message on closed connection
2026/07/14 16:06:33 ZEBRA: [GK6BW-E28RD] NB_OP_CHANGE: oper_walk_done: ERROR: Error sending notification message for path: /frr-interface:lib/interface[name="dummy0"]/state
2026/07/14 16:06:33 ZEBRA: [X0ASY-1BHSQ] NB_OP_CHANGE: oper_walk_done: ERROR: Error notifying for datastore path: /frr-interface:lib/interface[name="dummy0"]/state: generic error
2026/07/14 16:06:33 ZEBRA: [YKHB9-ND03T] BE-client: msg_conn_send_msg: can't send message on closed connection
2026/07/14 16:06:33 ZEBRA: [GK6BW-E28RD] NB_OP_CHANGE: oper_walk_done: ERROR: Error sending notification message for path: /frr-interface:lib/interface[name="dummy0"]/state
2026/07/14 16:06:33 ZEBRA: [X0ASY-1BHSQ] NB_OP_CHANGE: oper_walk_done: ERROR: Error notifying for datastore path: /frr-interface:lib/interface[name="dummy0"]/state: generic error
2026/07/14 16:06:33 ZEBRA: [YKHB9-ND03T] BE-client: msg_conn_send_msg: can't send message on closed connection
2026/07/14 16:06:33 ZEBRA: [GK6BW-E28RD] NB_OP_CHANGE: oper_walk_done: ERROR: Error sending notification message for path: /frr-interface:lib/interface[name="dummy0"]/state
2026/07/14 16:06:33 ZEBRA: [X0ASY-1BHSQ] NB_OP_CHANGE: oper_walk_done: ERROR: Error notifying for datastore path: /frr-interface:lib/interface[name="dummy0"]/state: generic error
2026/07/14 16:06:33 ZEBRA: [YKHB9-ND03T] BE-client: msg_conn_send_msg: can't send message on closed connection
2026/07/14 16:06:33 ZEBRA: [GK6BW-E28RD] NB_OP_CHANGE: oper_walk_done: ERROR: Error sending notification message for path: /frr-interface:lib/interface[name="dummy0"]/state
2026/07/14 16:06:33 ZEBRA: [X0ASY-1BHSQ] NB_OP_CHANGE: oper_walk_done: ERROR: Error notifying for datastore path: /frr-interface:lib/interface[name="dummy0"]/state: generic error
2026/07/14 16:06:33 ZEBRA: [YKHB9-ND03T] BE-client: msg_conn_send_msg: can't send message on closed connection
2026/07/14 16:06:33 ZEBRA: [GK6BW-E28RD] NB_OP_CHANGE: oper_walk_done: ERROR: Error sending notification message for path: /frr-interface:lib/interface[name="dummy0"]/state
2026/07/14 16:06:33 ZEBRA: [X0ASY-1BHSQ] NB_OP_CHANGE: oper_walk_done: ERROR: Error notifying for datastore path: /frr-interface:lib/interface[name="dummy0"]/state: generic error
2026/07/14 16:06:33 ZEBRA: [YKHB9-ND03T] BE-client: msg_conn_send_msg: can't send message on closed connection
2026/07/14 16:06:33 ZEBRA: [GK6BW-E28RD] NB_OP_CHANGE: oper_walk_done: ERROR: Error sending notification message for path: /frr-interface:lib/interface[name="dummy0"]/state
2026/07/14 16:06:33 ZEBRA: [X0ASY-1BHSQ] NB_OP_CHANGE: oper_walk_done: ERROR: Error notifying for datastore path: /frr-interface:lib/interface[name="dummy0"]/state: generic error
2026/07/14 16:06:33 ZEBRA: [YKHB9-ND03T] BE-client: msg_conn_send_msg: can't send message on closed connection
2026/07/14 16:06:33 ZEBRA: [GK6BW-E28RD] NB_OP_CHANGE: oper_walk_done: ERROR: Error sending notification message for path: /frr-interface:lib/interface[name="dummy0"]/state
2026/07/14 16:06:33 ZEBRA: [X0ASY-1BHSQ] NB_OP_CHANGE: oper_walk_done: ERROR: Error notifying for datastore path: /frr-interface:lib/interface[name="dummy0"]/state: generic error
2026/07/14 16:06:33 ZEBRA: [YKHB9-ND03T] BE-client: msg_conn_send_msg: can't send message on closed connection
2026/07/14 16:06:33 ZEBRA: [GK6BW-E28RD] NB_OP_CHANGE: oper_walk_done: ERROR: Error sending notification message for path: /frr-interface:lib/interface[name="dummy0"]/state
2026/07/14 16:06:33 ZEBRA: [X0ASY-1BHSQ] NB_OP_CHANGE: oper_walk_done: ERROR: Error notifying for datastore path: /frr-interface:lib/interface[name="dummy0"]/state: generic error
2026/07/14 16:06:33 ZEBRA: [YKHB9-ND03T] BE-client: msg_conn_send_msg: can't send message on closed connection
2026/07/14 16:06:33 ZEBRA: [GK6BW-E28RD] NB_OP_CHANGE: oper_walk_done: ERROR: Error sending notification message for path: /frr-interface:lib/interface[name="dummy0"]/state
2026/07/14 16:06:33 ZEBRA: [X0ASY-1BHSQ] NB_OP_CHANGE: oper_walk_done: ERROR: Error notifying for datastore path: /frr-interface:lib/interface[name="dummy0"]/state: generic error
2026/07/14 16:06:33 ZEBRA: [YKHB9-ND03T] BE-client: msg_conn_send_msg: can't send message on closed connection
2026/07/14 16:06:33 ZEBRA: [GK6BW-E28RD] NB_OP_CHANGE: oper_walk_done: ERROR: Error sending notification message for path: /frr-interface:lib/interface[name="dummy0"]/state
2026/07/14 16:06:33 ZEBRA: [X0ASY-1BHSQ] NB_OP_CHANGE: oper_walk_done: ERROR: Error notifying for datastore path: /frr-interface:lib/interface[name="dummy0"]/state: generic error
2026/07/14 16:06:33 ZEBRA: [YKHB9-ND03T] BE-client: msg_conn_send_msg: can't send message on closed connection
2026/07/14 16:06:33 ZEBRA: [GK6BW-E28RD] NB_OP_CHANGE: oper_walk_done: ERROR: Error sending notification message for path: /frr-interface:lib/interface[name="dummy0"]/state
2026/07/14 16:06:33 ZEBRA: [X0ASY-1BHSQ] NB_OP_CHANGE: oper_walk_done: ERROR: Error notifying for datastore path: /frr-interface:lib/interface[name="dummy0"]/state: generic error
2026/07/14 16:06:33 ZEBRA: [YKHB9-ND03T] BE-client: msg_conn_send_msg: can't send message on closed connection
2026/07/14 16:06:33 ZEBRA: [GK6BW-E28RD] NB_OP_CHANGE: oper_walk_done: ERROR: Error sending notification message for path: /frr-interface:lib/interface[name="dummy0"]/state
2026/07/14 16:06:33 ZEBRA: [X0ASY-1BHSQ] NB_OP_CHANGE: oper_walk_done: ERROR: Error notifying for datastore path: /frr-interface:lib/interface[name="dummy0"]/state: generic error
2026/07/14 16:06:33 ZEBRA: [YKHB9-ND03T] BE-client: msg_conn_send_msg: can't send message on closed connection
2026/07/14 16:06:33 ZEBRA: [GK6BW-E28RD] NB_OP_CHANGE: oper_walk_done: ERROR: Error sending notification message for path: /frr-interface:lib/interface[name="dummy0"]/state
2026/07/14 16:06:33 ZEBRA: [X0ASY-1BHSQ] NB_OP_CHANGE: oper_walk_done: ERROR: Error notifying for datastore path: /frr-interface:lib/interface[name="dummy0"]/state: generic error
2026/07/14 16:06:33 ZEBRA: [YKHB9-ND03T] BE-client: msg_conn_send_msg: can't send message on closed connection
2026/07/14 16:06:33 ZEBRA: [GK6BW-E28RD] NB_OP_CHANGE: oper_walk_done: ERROR: Error sending notification message for path: /frr-interface:lib/interface[name="dummy0"]/state
2026/07/14 16:06:33 ZEBRA: [X0ASY-1BHSQ] NB_OP_CHANGE: oper_walk_done: ERROR: Error notifying for datastore path: /frr-interface:lib/interface[name="dummy0"]/state: generic error
2026/07/14 16:06:33 ZEBRA: [YKHB9-ND03T] BE-client: msg_conn_send_msg: can't send message on closed connection
2026/07/14 16:06:33 ZEBRA: [GK6BW-E28RD] NB_OP_CHANGE: oper_walk_done: ERROR: Error sending notification message for path: /frr-interface:lib/interface[name="dummy0"]/state
2026/07/14 16:06:33 ZEBRA: [X0ASY-1BHSQ] NB_OP_CHANGE: oper_walk_done: ERROR: Error notifying for datastore path: /frr-interface:lib/interface[name="dummy0"]/state: generic error
2026/07/14 16:06:33 ZEBRA: [YKHB9-ND03T] BE-client: msg_conn_send_msg: can't send message on closed connection
2026/07/14 16:06:33 ZEBRA: [GK6BW-E28RD] NB_OP_CHANGE: oper_walk_done: ERROR: Error sending notification message for path: /frr-interface:lib/interface[name="dummy0"]/state
2026/07/14 16:06:33 ZEBRA: [X0ASY-1BHSQ] NB_OP_CHANGE: oper_walk_done: ERROR: Error notifying for datastore path: /frr-interface:lib/interface[name="dummy0"]/state: generic error
2026/07/14 16:06:33 ZEBRA: [YKHB9-ND03T] BE-client: msg_conn_send_msg: can't send message on closed connection
2026/07/14 16:06:33 ZEBRA: [GK6BW-E28RD] NB_OP_CHANGE: oper_walk_done: ERROR: Error sending notification message for path: /frr-interface:lib/interface[name="dummy0"]/state
2026/07/14 16:06:33 ZEBRA: [X0ASY-1BHSQ] NB_OP_CHANGE: oper_walk_done: ERROR: Error notifying for datastore path: /frr-interface:lib/interface[name="dummy0"]/state: generic error
2026/07/14 16:06:33 ZEBRA: [YKHB9-ND03T] BE-client: msg_conn_send_msg: can't send message on closed connection
2026/07/14 16:06:33 ZEBRA: [GK6BW-E28RD] NB_OP_CHANGE: oper_walk_done: ERROR: Error sending notification message for path: /frr-interface:lib/interface[name="dummy0"]/state
2026/07/14 16:06:33 ZEBRA: [X0ASY-1BHSQ] NB_OP_CHANGE: oper_walk_done: ERROR: Error notifying for datastore path: /frr-interface:lib/interface[name="dummy0"]/state: generic error
2026/07/14 16:06:33 ZEBRA: [YKHB9-ND03T] BE-client: msg_conn_send_msg: can't send message on closed connection
2026/07/14 16:06:33 ZEBRA: [GK6BW-E28RD] NB_OP_CHANGE: oper_walk_done: ERROR: Error sending notification message for path: /frr-interface:lib/interface[name="dummy0"]/state
2026/07/14 16:06:33 ZEBRA: [X0ASY-1BHSQ] NB_OP_CHANGE: oper_walk_done: ERROR: Error notifying for datastore path: /frr-interface:lib/interface[name="dummy0"]/state: generic error
2026/07/14 16:06:34 ZEBRA: [YKHB9-ND03T] BE-client: msg_conn_send_msg: can't send message on closed connection
2026/07/14 16:06:34 ZEBRA: [GK6BW-E28RD] NB_OP_CHANGE: oper_walk_done: ERROR: Error sending notification message for path: /frr-interface:lib/interface[name="dummy0"]/state
2026/07/14 16:06:34 ZEBRA: [X0ASY-1BHSQ] NB_OP_CHANGE: oper_walk_done: ERROR: Error notifying for datastore path: /frr-interface:lib/interface[name="dummy0"]/state: generic error
2026/07/14 16:06:34 ZEBRA: [YKHB9-ND03T] BE-client: msg_conn_send_msg: can't send message on closed connection
2026/07/14 16:06:34 ZEBRA: [GK6BW-E28RD] NB_OP_CHANGE: oper_walk_done: ERROR: Error sending notification message for path: /frr-interface:lib/interface[name="dummy0"]/state
2026/07/14 16:06:34 ZEBRA: [X0ASY-1BHSQ] NB_OP_CHANGE: oper_walk_done: ERROR: Error notifying for datastore path: /frr-interface:lib/interface[name="dummy0"]/state: generic error
2026/07/14 16:06:34 ZEBRA: [YKHB9-ND03T] BE-client: msg_conn_send_msg: can't send message on closed connection
2026/07/14 16:06:34 ZEBRA: [GK6BW-E28RD] NB_OP_CHANGE: oper_walk_done: ERROR: Error sending notification message for path: /frr-interface:lib/interface[name="dummy0"]/state
2026/07/14 16:06:34 ZEBRA: [X0ASY-1BHSQ] NB_OP_CHANGE: oper_walk_done: ERROR: Error notifying for datastore path: /frr-interface:lib/interface[name="dummy0"]/state: generic error
2026/07/14 16:06:34 ZEBRA: [YKHB9-ND03T] BE-client: msg_conn_send_msg: can't send message on closed connection
2026/07/14 16:06:34 ZEBRA: [GK6BW-E28RD] NB_OP_CHANGE: oper_walk_done: ERROR: Error sending notification message for path: /frr-interface:lib/interface[name="dummy0"]/state
2026/07/14 16:06:34 ZEBRA: [X0ASY-1BHSQ] NB_OP_CHANGE: oper_walk_done: ERROR: Error notifying for datastore path: /frr-interface:lib/interface[name="dummy0"]/state: generic error
2026/07/14 16:06:34 ZEBRA: [YKHB9-ND03T] BE-client: msg_conn_send_msg: can't send message on closed connection
2026/07/14 16:06:34 ZEBRA: [GK6BW-E28RD] NB_OP_CHANGE: oper_walk_done: ERROR: Error sending notification message for path: /frr-interface:lib/interface[name="dummy0"]/state
2026/07/14 16:06:34 ZEBRA: [X0ASY-1BHSQ] NB_OP_CHANGE: oper_walk_done: ERROR: Error notifying for datastore path: /frr-interface:lib/interface[name="dummy0"]/state: generic error
2026/07/14 16:06:34 ZEBRA: [YKHB9-ND03T] BE-client: msg_conn_send_msg: can't send message on closed connection
2026/07/14 16:06:34 ZEBRA: [GK6BW-E28RD] NB_OP_CHANGE: oper_walk_done: ERROR: Error sending notification message for path: /frr-interface:lib/interface[name="dummy0"]/state
2026/07/14 16:06:34 ZEBRA: [X0ASY-1BHSQ] NB_OP_CHANGE: oper_walk_done: ERROR: Error notifying for datastore path: /frr-interface:lib/interface[name="dummy0"]/state: generic error
2026/07/14 16:06:34 ZEBRA: [YKHB9-ND03T] BE-client: msg_conn_send_msg: can't send message on closed connection
2026/07/14 16:06:34 ZEBRA: [GK6BW-E28RD] NB_OP_CHANGE: oper_walk_done: ERROR: Error sending notification message for path: /frr-interface:lib/interface[name="dummy0"]/state
2026/07/14 16:06:34 ZEBRA: [X0ASY-1BHSQ] NB_OP_CHANGE: oper_walk_done: ERROR: Error notifying for datastore path: /frr-interface:lib/interface[name="dummy0"]/state: generic error
2026/07/14 16:06:34 ZEBRA: [YKHB9-ND03T] BE-client: msg_conn_send_msg: can't send message on closed connection
2026/07/14 16:06:34 ZEBRA: [GK6BW-E28RD] NB_OP_CHANGE: oper_walk_done: ERROR: Error sending notification message for path: /frr-interface:lib/interface[name="dummy0"]/state
2026/07/14 16:06:34 ZEBRA: [X0ASY-1BHSQ] NB_OP_CHANGE: oper_walk_done: ERROR: Error notifying for datastore path: /frr-interface:lib/interface[name="dummy0"]/state: generic error
2026/07/14 16:06:34 ZEBRA: [YKHB9-ND03T] BE-client: msg_conn_send_msg: can't send message on closed connection
2026/07/14 16:06:34 ZEBRA: [GK6BW-E28RD] NB_OP_CHANGE: oper_walk_done: ERROR: Error sending notification message for path: /frr-interface:lib/interface[name="dummy0"]/state
2026/07/14 16:06:34 ZEBRA: [X0ASY-1BHSQ] NB_OP_CHANGE: oper_walk_done: ERROR: Error notifying for datastore path: /frr-interface:lib/interface[name="dummy0"]/state: generic error
2026/07/14 16:06:34 ZEBRA: [YKHB9-ND03T] BE-client: msg_conn_send_msg: can't send message on closed connection
2026/07/14 16:06:34 ZEBRA: [GK6BW-E28RD] NB_OP_CHANGE: oper_walk_done: ERROR: Error sending notification message for path: /frr-interface:lib/interface[name="dummy0"]/state
2026/07/14 16:06:34 ZEBRA: [X0ASY-1BHSQ] NB_OP_CHANGE: oper_walk_done: ERROR: Error notifying for datastore path: /frr-interface:lib/interface[name="dummy0"]/state: generic error
2026/07/14 16:06:34 ZEBRA: [YKHB9-ND03T] BE-client: msg_conn_send_msg: can't send message on closed connection
2026/07/14 16:06:34 ZEBRA: [GK6BW-E28RD] NB_OP_CHANGE: oper_walk_done: ERROR: Error sending notification message for path: /frr-interface:lib/interface[name="dummy0"]/state
2026/07/14 16:06:34 ZEBRA: [X0ASY-1BHSQ] NB_OP_CHANGE: oper_walk_done: ERROR: Error notifying for datastore path: /frr-interface:lib/interface[name="dummy0"]/state: generic error
2026/07/14 16:06:34 ZEBRA: [YKHB9-ND03T] BE-client: msg_conn_send_msg: can't send message on closed connection
2026/07/14 16:06:34 ZEBRA: [GK6BW-E28RD] NB_OP_CHANGE: oper_walk_done: ERROR: Error sending notification message for path: /frr-interface:lib/interface[name="dummy0"]/state
2026/07/14 16:06:34 ZEBRA: [X0ASY-1BHSQ] NB_OP_CHANGE: oper_walk_done: ERROR: Error notifying for datastore path: /frr-interface:lib/interface[name="dummy0"]/state: generic error
2026/07/14 16:06:34 ZEBRA: [YKHB9-ND03T] BE-client: msg_conn_send_msg: can't send message on closed connection
2026/07/14 16:06:34 ZEBRA: [GK6BW-E28RD] NB_OP_CHANGE: oper_walk_done: ERROR: Error sending notification message for path: /frr-interface:lib/interface[name="dummy0"]/state
2026/07/14 16:06:34 ZEBRA: [X0ASY-1BHSQ] NB_OP_CHANGE: oper_walk_done: ERROR: Error notifying for datastore path: /frr-interface:lib/interface[name="dummy0"]/state: generic error
2026/07/14 16:06:34 ZEBRA: [YKHB9-ND03T] BE-client: msg_conn_send_msg: can't send message on closed connection
2026/07/14 16:06:34 ZEBRA: [GK6BW-E28RD] NB_OP_CHANGE: oper_walk_done: ERROR: Error sending notification message for path: /frr-interface:lib/interface[name="dummy0"]/state
2026/07/14 16:06:34 ZEBRA: [X0ASY-1BHSQ] NB_OP_CHANGE: oper_walk_done: ERROR: Error notifying for datastore path: /frr-interface:lib/interface[name="dummy0"]/state: generic error
2026/07/14 16:06:34 ZEBRA: [YKHB9-ND03T] BE-client: msg_conn_send_msg: can't send message on closed connection
2026/07/14 16:06:34 ZEBRA: [GK6BW-E28RD] NB_OP_CHANGE: oper_walk_done: ERROR: Error sending notification message for path: /frr-interface:lib/interface[name="dummy0"]/state
2026/07/14 16:06:34 ZEBRA: [X0ASY-1BHSQ] NB_OP_CHANGE: oper_walk_done: ERROR: Error notifying for datastore path: /frr-interface:lib/interface[name="dummy0"]/state: generic error
2026/07/14 16:06:34 ZEBRA: [YKHB9-ND03T] BE-client: msg_conn_send_msg: can't send message on closed connection
2026/07/14 16:06:34 ZEBRA: [GK6BW-E28RD] NB_OP_CHANGE: oper_walk_done: ERROR: Error sending notification message for path: /frr-interface:lib/interface[name="dummy0"]/state
2026/07/14 16:06:34 ZEBRA: [X0ASY-1BHSQ] NB_OP_CHANGE: oper_walk_done: ERROR: Error notifying for datastore path: /frr-interface:lib/interface[name="dummy0"]/state: generic error
2026/07/14 16:06:34 ZEBRA: [YKHB9-ND03T] BE-client: msg_conn_send_msg: can't send message on closed connection
2026/07/14 16:06:34 ZEBRA: [GK6BW-E28RD] NB_OP_CHANGE: oper_walk_done: ERROR: Error sending notification message for path: /frr-interface:lib/interface[name="dummy0"]/state
2026/07/14 16:06:34 ZEBRA: [X0ASY-1BHSQ] NB_OP_CHANGE: oper_walk_done: ERROR: Error notifying for datastore path: /frr-interface:lib/interface[name="dummy0"]/state: generic error
2026/07/14 16:06:34 ZEBRA: [YKHB9-ND03T] BE-client: msg_conn_send_msg: can't send message on closed connection
2026/07/14 16:06:34 ZEBRA: [GK6BW-E28RD] NB_OP_CHANGE: oper_walk_done: ERROR: Error sending notification message for path: /frr-interface:lib/interface[name="dummy0"]/state
2026/07/14 16:06:34 ZEBRA: [X0ASY-1BHSQ] NB_OP_CHANGE: oper_walk_done: ERROR: Error notifying for datastore path: /frr-interface:lib/interface[name="dummy0"]/state: generic error
2026/07/14 16:06:34 ZEBRA: [YKHB9-ND03T] BE-client: msg_conn_send_msg: can't send message on closed connection
2026/07/14 16:06:34 ZEBRA: [GK6BW-E28RD] NB_OP_CHANGE: oper_walk_done: ERROR: Error sending notification message for path: /frr-interface:lib/interface[name="dummy0"]/state
2026/07/14 16:06:34 ZEBRA: [X0ASY-1BHSQ] NB_OP_CHANGE: oper_walk_done: ERROR: Error notifying for datastore path: /frr-interface:lib/interface[name="dummy0"]/state: generic error
2026/07/14 16:06:34 ZEBRA: [YKHB9-ND03T] BE-client: msg_conn_send_msg: can't send message on closed connection
2026/07/14 16:06:34 ZEBRA: [GK6BW-E28RD] NB_OP_CHANGE: oper_walk_done: ERROR: Error sending notification message for path: /frr-interface:lib/interface[name="dummy0"]/state
2026/07/14 16:06:34 ZEBRA: [X0ASY-1BHSQ] NB_OP_CHANGE: oper_walk_done: ERROR: Error notifying for datastore path: /frr-interface:lib/interface[name="dummy0"]/state: generic error
2026/07/14 16:06:34 ZEBRA: [YKHB9-ND03T] BE-client: msg_conn_send_msg: can't send message on closed connection
2026/07/14 16:06:34 ZEBRA: [GK6BW-E28RD] NB_OP_CHANGE: oper_walk_done: ERROR: Error sending notification message for path: /frr-interface:lib/interface[name="dummy0"]/state
2026/07/14 16:06:34 ZEBRA: [X0ASY-1BHSQ] NB_OP_CHANGE: oper_walk_done: ERROR: Error notifying for datastore path: /frr-interface:lib/interface[name="dummy0"]/state: generic error
2026/07/14 16:06:34 ZEBRA: [YKHB9-ND03T] BE-client: msg_conn_send_msg: can't send message on closed connection
2026/07/14 16:06:34 ZEBRA: [GK6BW-E28RD] NB_OP_CHANGE: oper_walk_done: ERROR: Error sending notification message for path: /frr-interface:lib/interface[name="dummy0"]/state
2026/07/14 16:06:34 ZEBRA: [X0ASY-1BHSQ] NB_OP_CHANGE: oper_walk_done: ERROR: Error notifying for datastore path: /frr-interface:lib/interface[name="dummy0"]/state: generic error
2026/07/14 16:06:34 ZEBRA: [YKHB9-ND03T] BE-client: msg_conn_send_msg: can't send message on closed connection
2026/07/14 16:06:34 ZEBRA: [GK6BW-E28RD] NB_OP_CHANGE: oper_walk_done: ERROR: Error sending notification message for path: /frr-interface:lib/interface[name="dummy0"]/state
2026/07/14 16:06:34 ZEBRA: [X0ASY-1BHSQ] NB_OP_CHANGE: oper_walk_done: ERROR: Error notifying for datastore path: /frr-interface:lib/interface[name="dummy0"]/state: generic error
2026/07/14 16:06:34 ZEBRA: [YKHB9-ND03T] BE-client: msg_conn_send_msg: can't send message on closed connection
2026/07/14 16:06:34 ZEBRA: [GK6BW-E28RD] NB_OP_CHANGE: oper_walk_done: ERROR: Error sending notification message for path: /frr-interface:lib/interface[name="dummy0"]/state
2026/07/14 16:06:34 ZEBRA: [X0ASY-1BHSQ] NB_OP_CHANGE: oper_walk_done: ERROR: Error notifying for datastore path: /frr-interface:lib/interface[name="dummy0"]/state: generic error
2026/07/14 16:06:34 ZEBRA: [YKHB9-ND03T] BE-client: msg_conn_send_msg: can't send message on closed connection
2026/07/14 16:06:34 ZEBRA: [GK6BW-E28RD] NB_OP_CHANGE: oper_walk_done: ERROR: Error sending notification message for path: /frr-interface:lib/interface[name="dummy0"]/state
2026/07/14 16:06:34 ZEBRA: [X0ASY-1BHSQ] NB_OP_CHANGE: oper_walk_done: ERROR: Error notifying for datastore path: /frr-interface:lib/interface[name="dummy0"]/state: generic error
2026/07/14 16:06:34 ZEBRA: [YKHB9-ND03T] BE-client: msg_conn_send_msg: can't send message on closed connection
2026/07/14 16:06:34 ZEBRA: [GK6BW-E28RD] NB_OP_CHANGE: oper_walk_done: ERROR: Error sending notification message for path: /frr-interface:lib/interface[name="dummy0"]/state
2026/07/14 16:06:34 ZEBRA: [X0ASY-1BHSQ] NB_OP_CHANGE: oper_walk_done: ERROR: Error notifying for datastore path: /frr-interface:lib/interface[name="dummy0"]/state: generic error
2026/07/14 16:06:34 ZEBRA: [YKHB9-ND03T] BE-client: msg_conn_send_msg: can't send message on closed connection
2026/07/14 16:06:34 ZEBRA: [GK6BW-E28RD] NB_OP_CHANGE: oper_walk_done: ERROR: Error sending notification message for path: /frr-interface:lib/interface[name="dummy0"]/state
2026/07/14 16:06:34 ZEBRA: [X0ASY-1BHSQ] NB_OP_CHANGE: oper_walk_done: ERROR: Error notifying for datastore path: /frr-interface:lib/interface[name="dummy0"]/state: generic error
2026/07/14 16:06:34 ZEBRA: [YKHB9-ND03T] BE-client: msg_conn_send_msg: can't send message on closed connection
2026/07/14 16:06:34 ZEBRA: [GK6BW-E28RD] NB_OP_CHANGE: oper_walk_done: ERROR: Error sending notification message for path: /frr-interface:lib/interface[name="dummy0"]/state
2026/07/14 16:06:34 ZEBRA: [X0ASY-1BHSQ] NB_OP_CHANGE: oper_walk_done: ERROR: Error notifying for datastore path: /frr-interface:lib/interface[name="dummy0"]/state: generic error
2026/07/14 16:06:34 ZEBRA: [YKHB9-ND03T] BE-client: msg_conn_send_msg: can't send message on closed connection
2026/07/14 16:06:34 ZEBRA: [GK6BW-E28RD] NB_OP_CHANGE: oper_walk_done: ERROR: Error sending notification message for path: /frr-interface:lib/interface[name="dummy0"]/state
2026/07/14 16:06:34 ZEBRA: [X0ASY-1BHSQ] NB_OP_CHANGE: oper_walk_done: ERROR: Error notifying for datastore path: /frr-interface:lib/interface[name="dummy0"]/state: generic error
2026/07/14 16:06:34 ZEBRA: [YKHB9-ND03T] BE-client: msg_conn_send_msg: can't send message on closed connection
2026/07/14 16:06:34 ZEBRA: [GK6BW-E28RD] NB_OP_CHANGE: oper_walk_done: ERROR: Error sending notification message for path: /frr-interface:lib/interface[name="dummy0"]/state
2026/07/14 16:06:34 ZEBRA: [X0ASY-1BHSQ] NB_OP_CHANGE: oper_walk_done: ERROR: Error notifying for datastore path: /frr-interface:lib/interface[name="dummy0"]/state: generic error
2026/07/14 16:06:34 ZEBRA: [YKHB9-ND03T] BE-client: msg_conn_send_msg: can't send message on closed connection
2026/07/14 16:06:34 ZEBRA: [GK6BW-E28RD] NB_OP_CHANGE: oper_walk_done: ERROR: Error sending notification message for path: /frr-interface:lib/interface[name="dummy0"]/state
2026/07/14 16:06:34 ZEBRA: [X0ASY-1BHSQ] NB_OP_CHANGE: oper_walk_done: ERROR: Error notifying for datastore path: /frr-interface:lib/interface[name="dummy0"]/state: generic error
2026/07/14 16:06:34 ZEBRA: [YKHB9-ND03T] BE-client: msg_conn_send_msg: can't send message on closed connection
2026/07/14 16:06:34 ZEBRA: [GK6BW-E28RD] NB_OP_CHANGE: oper_walk_done: ERROR: Error sending notification message for path: /frr-interface:lib/interface[name="dummy0"]/state
2026/07/14 16:06:34 ZEBRA: [X0ASY-1BHSQ] NB_OP_CHANGE: oper_walk_done: ERROR: Error notifying for datastore path: /frr-interface:lib/interface[name="dummy0"]/state: generic error
2026/07/14 16:06:34 ZEBRA: [YKHB9-ND03T] BE-client: msg_conn_send_msg: can't send message on closed connection
2026/07/14 16:06:34 ZEBRA: [GK6BW-E28RD] NB_OP_CHANGE: oper_walk_done: ERROR: Error sending notification message for path: /frr-interface:lib/interface[name="dummy0"]/state
2026/07/14 16:06:34 ZEBRA: [X0ASY-1BHSQ] NB_OP_CHANGE: oper_walk_done: ERROR: Error notifying for datastore path: /frr-interface:lib/interface[name="dummy0"]/state: generic error
2026/07/14 16:06:34 ZEBRA: [YKHB9-ND03T] BE-client: msg_conn_send_msg: can't send message on closed connection
2026/07/14 16:06:34 ZEBRA: [GK6BW-E28RD] NB_OP_CHANGE: oper_walk_done: ERROR: Error sending notification message for path: /frr-interface:lib/interface[name="dummy0"]/state
2026/07/14 16:06:34 ZEBRA: [X0ASY-1BHSQ] NB_OP_CHANGE: oper_walk_done: ERROR: Error notifying for datastore path: /frr-interface:lib/interface[name="dummy0"]/state: generic error
2026/07/14 16:06:34 ZEBRA: [YKHB9-ND03T] BE-client: msg_conn_send_msg: can't send message on closed connection
2026/07/14 16:06:34 ZEBRA: [GK6BW-E28RD] NB_OP_CHANGE: oper_walk_done: ERROR: Error sending notification message for path: /frr-interface:lib/interface[name="dummy0"]/state
2026/07/14 16:06:34 ZEBRA: [X0ASY-1BHSQ] NB_OP_CHANGE: oper_walk_done: ERROR: Error notifying for datastore path: /frr-interface:lib/interface[name="dummy0"]/state: generic error
2026/07/14 16:06:34 ZEBRA: [YKHB9-ND03T] BE-client: msg_conn_send_msg: can't send message on closed connection
2026/07/14 16:06:34 ZEBRA: [GK6BW-E28RD] NB_OP_CHANGE: oper_walk_done: ERROR: Error sending notification message for path: /frr-interface:lib/interface[name="dummy0"]/state
2026/07/14 16:06:34 ZEBRA: [X0ASY-1BHSQ] NB_OP_CHANGE: oper_walk_done: ERROR: Error notifying for datastore path: /frr-interface:lib/interface[name="dummy0"]/state: generic error
2026/07/14 16:06:34 ZEBRA: [YKHB9-ND03T] BE-client: msg_conn_send_msg: can't send message on closed connection
2026/07/14 16:06:34 ZEBRA: [GK6BW-E28RD] NB_OP_CHANGE: oper_walk_done: ERROR: Error sending notification message for path: /frr-interface:lib/interface[name="dummy0"]/state
2026/07/14 16:06:34 ZEBRA: [X0ASY-1BHSQ] NB_OP_CHANGE: oper_walk_done: ERROR: Error notifying for datastore path: /frr-interface:lib/interface[name="dummy0"]/state: generic error
2026/07/14 16:06:34 ZEBRA: [YKHB9-ND03T] BE-client: msg_conn_send_msg: can't send message on closed connection
2026/07/14 16:06:34 ZEBRA: [GK6BW-E28RD] NB_OP_CHANGE: oper_walk_done: ERROR: Error sending notification message for path: /frr-interface:lib/interface[name="dummy0"]/state
2026/07/14 16:06:34 ZEBRA: [X0ASY-1BHSQ] NB_OP_CHANGE: oper_walk_done: ERROR: Error notifying for datastore path: /frr-interface:lib/interface[name="dummy0"]/state: generic error
2026/07/14 16:06:34 ZEBRA: [YKHB9-ND03T] BE-client: msg_conn_send_msg: can't send message on closed connection
2026/07/14 16:06:34 ZEBRA: [GK6BW-E28RD] NB_OP_CHANGE: oper_walk_done: ERROR: Error sending notification message for path: /frr-interface:lib/interface[name="dummy0"]/state
2026/07/14 16:06:34 ZEBRA: [X0ASY-1BHSQ] NB_OP_CHANGE: oper_walk_done: ERROR: Error notifying for datastore path: /frr-interface:lib/interface[name="dummy0"]/state: generic error
2026/07/14 16:06:34 ZEBRA: [YKHB9-ND03T] BE-client: msg_conn_send_msg: can't send message on closed connection
2026/07/14 16:06:34 ZEBRA: [GK6BW-E28RD] NB_OP_CHANGE: oper_walk_done: ERROR: Error sending notification message for path: /frr-interface:lib/interface[name="dummy0"]/state
2026/07/14 16:06:34 ZEBRA: [X0ASY-1BHSQ] NB_OP_CHANGE: oper_walk_done: ERROR: Error notifying for datastore path: /frr-interface:lib/interface[name="dummy0"]/state: generic error
2026/07/14 16:06:34 ZEBRA: [YKHB9-ND03T] BE-client: msg_conn_send_msg: can't send message on closed connection
2026/07/14 16:06:34 ZEBRA: [GK6BW-E28RD] NB_OP_CHANGE: oper_walk_done: ERROR: Error sending notification message for path: /frr-interface:lib/interface[name="dummy0"]/state
2026/07/14 16:06:34 ZEBRA: [X0ASY-1BHSQ] NB_OP_CHANGE: oper_walk_done: ERROR: Error notifying for datastore path: /frr-interface:lib/interface[name="dummy0"]/state: generic error
2026/07/14 16:06:34 ZEBRA: [YKHB9-ND03T] BE-client: msg_conn_send_msg: can't send message on closed connection
2026/07/14 16:06:34 ZEBRA: [GK6BW-E28RD] NB_OP_CHANGE: oper_walk_done: ERROR: Error sending notification message for path: /frr-interface:lib/interface[name="dummy0"]/state
2026/07/14 16:06:34 ZEBRA: [X0ASY-1BHSQ] NB_OP_CHANGE: oper_walk_done: ERROR: Error notifying for datastore path: /frr-interface:lib/interface[name="dummy0"]/state: generic error
2026/07/14 16:06:34 ZEBRA: [YKHB9-ND03T] BE-client: msg_conn_send_msg: can't send message on closed connection
2026/07/14 16:06:34 ZEBRA: [GK6BW-E28RD] NB_OP_CHANGE: oper_walk_done: ERROR: Error sending notification message for path: /frr-interface:lib/interface[name="dummy0"]/state
2026/07/14 16:06:34 ZEBRA: [X0ASY-1BHSQ] NB_OP_CHANGE: oper_walk_done: ERROR: Error notifying for datastore path: /frr-interface:lib/interface[name="dummy0"]/state: generic error
2026/07/14 16:06:34 ZEBRA: [YKHB9-ND03T] BE-client: msg_conn_send_msg: can't send message on closed connection
2026/07/14 16:06:34 ZEBRA: [GK6BW-E28RD] NB_OP_CHANGE: oper_walk_done: ERROR: Error sending notification message for path: /frr-interface:lib/interface[name="dummy0"]/state
2026/07/14 16:06:34 ZEBRA: [X0ASY-1BHSQ] NB_OP_CHANGE: oper_walk_done: ERROR: Error notifying for datastore path: /frr-interface:lib/interface[name="dummy0"]/state: generic error
2026/07/14 16:06:34 ZEBRA: [YKHB9-ND03T] BE-client: msg_conn_send_msg: can't send message on closed connection
2026/07/14 16:06:34 ZEBRA: [GK6BW-E28RD] NB_OP_CHANGE: oper_walk_done: ERROR: Error sending notification message for path: /frr-interface:lib/interface[name="dummy0"]/state
2026/07/14 16:06:34 ZEBRA: [X0ASY-1BHSQ] NB_OP_CHANGE: oper_walk_done: ERROR: Error notifying for datastore path: /frr-interface:lib/interface[name="dummy0"]/state: generic error
2026/07/14 16:06:34 ZEBRA: [YKHB9-ND03T] BE-client: msg_conn_send_msg: can't send message on closed connection
2026/07/14 16:06:34 ZEBRA: [GK6BW-E28RD] NB_OP_CHANGE: oper_walk_done: ERROR: Error sending notification message for path: /frr-interface:lib/interface[name="dummy0"]/state
2026/07/14 16:06:34 ZEBRA: [X0ASY-1BHSQ] NB_OP_CHANGE: oper_walk_done: ERROR: Error notifying for datastore path: /frr-interface:lib/interface[name="dummy0"]/state: generic error
2026/07/14 16:06:34 ZEBRA: [YKHB9-ND03T] BE-client: msg_conn_send_msg: can't send message on closed connection
2026/07/14 16:06:34 ZEBRA: [GK6BW-E28RD] NB_OP_CHANGE: oper_walk_done: ERROR: Error sending notification message for path: /frr-interface:lib/interface[name="dummy0"]/state
2026/07/14 16:06:34 ZEBRA: [X0ASY-1BHSQ] NB_OP_CHANGE: oper_walk_done: ERROR: Error notifying for datastore path: /frr-interface:lib/interface[name="dummy0"]/state: generic error
2026/07/14 16:06:34 ZEBRA: [YKHB9-ND03T] BE-client: msg_conn_send_msg: can't send message on closed connection
2026/07/14 16:06:34 ZEBRA: [GK6BW-E28RD] NB_OP_CHANGE: oper_walk_done: ERROR: Error sending notification message for path: /frr-interface:lib/interface[name="dummy0"]/state
2026/07/14 16:06:34 ZEBRA: [X0ASY-1BHSQ] NB_OP_CHANGE: oper_walk_done: ERROR: Error notifying for datastore path: /frr-interface:lib/interface[name="dummy0"]/state: generic error
2026/07/14 16:06:34 ZEBRA: [YKHB9-ND03T] BE-client: msg_conn_send_msg: can't send message on closed connection
2026/07/14 16:06:34 ZEBRA: [GK6BW-E28RD] NB_OP_CHANGE: oper_walk_done: ERROR: Error sending notification message for path: /frr-interface:lib/interface[name="dummy0"]/state
2026/07/14 16:06:34 ZEBRA: [X0ASY-1BHSQ] NB_OP_CHANGE: oper_walk_done: ERROR: Error notifying for datastore path: /frr-interface:lib/interface[name="dummy0"]/state: generic error
2026/07/14 16:06:34 ZEBRA: [YKHB9-ND03T] BE-client: msg_conn_send_msg: can't send message on closed connection
2026/07/14 16:06:34 ZEBRA: [GK6BW-E28RD] NB_OP_CHANGE: oper_walk_done: ERROR: Error sending notification message for path: /frr-interface:lib/interface[name="dummy0"]/state
2026/07/14 16:06:34 ZEBRA: [X0ASY-1BHSQ] NB_OP_CHANGE: oper_walk_done: ERROR: Error notifying for datastore path: /frr-interface:lib/interface[name="dummy0"]/state: generic error
2026/07/14 16:06:34 ZEBRA: [YKHB9-ND03T] BE-client: msg_conn_send_msg: can't send message on closed connection
2026/07/14 16:06:34 ZEBRA: [GK6BW-E28RD] NB_OP_CHANGE: oper_walk_done: ERROR: Error sending notification message for path: /frr-interface:lib/interface[name="dummy0"]/state
2026/07/14 16:06:34 ZEBRA: [X0ASY-1BHSQ] NB_OP_CHANGE: oper_walk_done: ERROR: Error notifying for datastore path: /frr-interface:lib/interface[name="dummy0"]/state: generic error
2026/07/14 16:06:34 ZEBRA: [YKHB9-ND03T] BE-client: msg_conn_send_msg: can't send message on closed connection
2026/07/14 16:06:34 ZEBRA: [GK6BW-E28RD] NB_OP_CHANGE: oper_walk_done: ERROR: Error sending notification message for path: /frr-interface:lib/interface[name="dummy0"]/state
2026/07/14 16:06:34 ZEBRA: [X0ASY-1BHSQ] NB_OP_CHANGE: oper_walk_done: ERROR: Error notifying for datastore path: /frr-interface:lib/interface[name="dummy0"]/state: generic error
2026/07/14 16:06:34 ZEBRA: [YKHB9-ND03T] BE-client: msg_conn_send_msg: can't send message on closed connection
2026/07/14 16:06:34 ZEBRA: [GK6BW-E28RD] NB_OP_CHANGE: oper_walk_done: ERROR: Error sending notification message for path: /frr-interface:lib/interface[name="dummy0"]/state
2026/07/14 16:06:34 ZEBRA: [X0ASY-1BHSQ] NB_OP_CHANGE: oper_walk_done: ERROR: Error notifying for datastore path: /frr-interface:lib/interface[name="dummy0"]/state: generic error
2026/07/14 16:06:34 ZEBRA: [YKHB9-ND03T] BE-client: msg_conn_send_msg: can't send message on closed connection
2026/07/14 16:06:34 ZEBRA: [GK6BW-E28RD] NB_OP_CHANGE: oper_walk_done: ERROR: Error sending notification message for path: /frr-interface:lib/interface[name="dummy0"]/state
2026/07/14 16:06:34 ZEBRA: [X0ASY-1BHSQ] NB_OP_CHANGE: oper_walk_done: ERROR: Error notifying for datastore path: /frr-interface:lib/interface[name="dummy0"]/state: generic error
2026/07/14 16:06:34 ZEBRA: [YKHB9-ND03T] BE-client: msg_conn_send_msg: can't send message on closed connection
2026/07/14 16:06:34 ZEBRA: [GK6BW-E28RD] NB_OP_CHANGE: oper_walk_done: ERROR: Error sending notification message for path: /frr-interface:lib/interface[name="dummy0"]/state
2026/07/14 16:06:34 ZEBRA: [X0ASY-1BHSQ] NB_OP_CHANGE: oper_walk_done: ERROR: Error notifying for datastore path: /frr-interface:lib/interface[name="dummy0"]/state: generic error
2026/07/14 16:06:34 ZEBRA: [YKHB9-ND03T] BE-client: msg_conn_send_msg: can't send message on closed connection
2026/07/14 16:06:34 ZEBRA: [GK6BW-E28RD] NB_OP_CHANGE: oper_walk_done: ERROR: Error sending notification message for path: /frr-interface:lib/interface[name="dummy0"]/state
2026/07/14 16:06:34 ZEBRA: [X0ASY-1BHSQ] NB_OP_CHANGE: oper_walk_done: ERROR: Error notifying for datastore path: /frr-interface:lib/interface[name="dummy0"]/state: generic error
2026/07/14 16:06:34 ZEBRA: [YKHB9-ND03T] BE-client: msg_conn_send_msg: can't send message on closed connection
2026/07/14 16:06:34 ZEBRA: [GK6BW-E28RD] NB_OP_CHANGE: oper_walk_done: ERROR: Error sending notification message for path: /frr-interface:lib/interface[name="dummy0"]/state
2026/07/14 16:06:34 ZEBRA: [X0ASY-1BHSQ] NB_OP_CHANGE: oper_walk_done: ERROR: Error notifying for datastore path: /frr-interface:lib/interface[name="dummy0"]/state: generic error
2026/07/14 16:06:34 ZEBRA: [YKHB9-ND03T] BE-client: msg_conn_send_msg: can't send message on closed connection
2026/07/14 16:06:34 ZEBRA: [GK6BW-E28RD] NB_OP_CHANGE: oper_walk_done: ERROR: Error sending notification message for path: /frr-interface:lib/interface[name="dummy0"]/state
2026/07/14 16:06:34 ZEBRA: [X0ASY-1BHSQ] NB_OP_CHANGE: oper_walk_done: ERROR: Error notifying for datastore path: /frr-interface:lib/interface[name="dummy0"]/state: generic error
2026/07/14 16:06:34 ZEBRA: [YKHB9-ND03T] BE-client: msg_conn_send_msg: can't send message on closed connection
2026/07/14 16:06:34 ZEBRA: [GK6BW-E28RD] NB_OP_CHANGE: oper_walk_done: ERROR: Error sending notification message for path: /frr-interface:lib/interface[name="dummy0"]/state
2026/07/14 16:06:34 ZEBRA: [X0ASY-1BHSQ] NB_OP_CHANGE: oper_walk_done: ERROR: Error notifying for datastore path: /frr-interface:lib/interface[name="dummy0"]/state: generic error
2026/07/14 16:06:34 ZEBRA: [YKHB9-ND03T] BE-client: msg_conn_send_msg: can't send message on closed connection
2026/07/14 16:06:34 ZEBRA: [GK6BW-E28RD] NB_OP_CHANGE: oper_walk_done: ERROR: Error sending notification message for path: /frr-interface:lib/interface[name="dummy0"]/state
2026/07/14 16:06:34 ZEBRA: [X0ASY-1BHSQ] NB_OP_CHANGE: oper_walk_done: ERROR: Error notifying for datastore path: /frr-interface:lib/interface[name="dummy0"]/state: generic error
2026/07/14 16:06:34 ZEBRA: [YKHB9-ND03T] BE-client: msg_conn_send_msg: can't send message on closed connection
2026/07/14 16:06:34 ZEBRA: [GK6BW-E28RD] NB_OP_CHANGE: oper_walk_done: ERROR: Error sending notification message for path: /frr-interface:lib/interface[name="dummy0"]/state
2026/07/14 16:06:34 ZEBRA: [X0ASY-1BHSQ] NB_OP_CHANGE: oper_walk_done: ERROR: Error notifying for datastore path: /frr-interface:lib/interface[name="dummy0"]/state: generic error
2026/07/14 16:06:34 ZEBRA: [YKHB9-ND03T] BE-client: msg_conn_send_msg: can't send message on closed connection
2026/07/14 16:06:34 ZEBRA: [GK6BW-E28RD] NB_OP_CHANGE: oper_walk_done: ERROR: Error sending notification message for path: /frr-interface:lib/interface[name="dummy0"]/state
2026/07/14 16:06:34 ZEBRA: [X0ASY-1BHSQ] NB_OP_CHANGE: oper_walk_done: ERROR: Error notifying for datastore path: /frr-interface:lib/interface[name="dummy0"]/state: generic error
2026/07/14 16:06:34 ZEBRA: [YKHB9-ND03T] BE-client: msg_conn_send_msg: can't send message on closed connection
2026/07/14 16:06:34 ZEBRA: [GK6BW-E28RD] NB_OP_CHANGE: oper_walk_done: ERROR: Error sending notification message for path: /frr-interface:lib/interface[name="dummy0"]/state
2026/07/14 16:06:34 ZEBRA: [X0ASY-1BHSQ] NB_OP_CHANGE: oper_walk_done: ERROR: Error notifying for datastore path: /frr-interface:lib/interface[name="dummy0"]/state: generic error
2026/07/14 16:06:34 ZEBRA: [YKHB9-ND03T] BE-client: msg_conn_send_msg: can't send message on closed connection
2026/07/14 16:06:34 ZEBRA: [GK6BW-E28RD] NB_OP_CHANGE: oper_walk_done: ERROR: Error sending notification message for path: /frr-interface:lib/interface[name="dummy0"]/state
2026/07/14 16:06:34 ZEBRA: [X0ASY-1BHSQ] NB_OP_CHANGE: oper_walk_done: ERROR: Error notifying for datastore path: /frr-interface:lib/interface[name="dummy0"]/state: generic error
2026/07/14 16:06:34 ZEBRA: [YKHB9-ND03T] BE-client: msg_conn_send_msg: can't send message on closed connection
2026/07/14 16:06:34 ZEBRA: [GK6BW-E28RD] NB_OP_CHANGE: oper_walk_done: ERROR: Error sending notification message for path: /frr-interface:lib/interface[name="dummy0"]/state
2026/07/14 16:06:34 ZEBRA: [X0ASY-1BHSQ] NB_OP_CHANGE: oper_walk_done: ERROR: Error notifying for datastore path: /frr-interface:lib/interface[name="dummy0"]/state: generic error
2026/07/14 16:06:34 ZEBRA: [YKHB9-ND03T] BE-client: msg_conn_send_msg: can't send message on closed connection
2026/07/14 16:06:34 ZEBRA: [GK6BW-E28RD] NB_OP_CHANGE: oper_walk_done: ERROR: Error sending notification message for path: /frr-interface:lib/interface[name="dummy0"]/state
2026/07/14 16:06:34 ZEBRA: [X0ASY-1BHSQ] NB_OP_CHANGE: oper_walk_done: ERROR: Error notifying for datastore path: /frr-interface:lib/interface[name="dummy0"]/state: generic error
2026/07/14 16:06:34 ZEBRA: [YKHB9-ND03T] BE-client: msg_conn_send_msg: can't send message on closed connection
2026/07/14 16:06:34 ZEBRA: [GK6BW-E28RD] NB_OP_CHANGE: oper_walk_done: ERROR: Error sending notification message for path: /frr-interface:lib/interface[name="dummy0"]/state
2026/07/14 16:06:34 ZEBRA: [X0ASY-1BHSQ] NB_OP_CHANGE: oper_walk_done: ERROR: Error notifying for datastore path: /frr-interface:lib/interface[name="dummy0"]/state: generic error
2026/07/14 16:06:34 ZEBRA: [YKHB9-ND03T] BE-client: msg_conn_send_msg: can't send message on closed connection
2026/07/14 16:06:34 ZEBRA: [GK6BW-E28RD] NB_OP_CHANGE: oper_walk_done: ERROR: Error sending notification message for path: /frr-interface:lib/interface[name="dummy0"]/state
2026/07/14 16:06:34 ZEBRA: [X0ASY-1BHSQ] NB_OP_CHANGE: oper_walk_done: ERROR: Error notifying for datastore path: /frr-interface:lib/interface[name="dummy0"]/state: generic error
2026/07/14 16:06:34 ZEBRA: [YKHB9-ND03T] BE-client: msg_conn_send_msg: can't send message on closed connection
2026/07/14 16:06:34 ZEBRA: [GK6BW-E28RD] NB_OP_CHANGE: oper_walk_done: ERROR: Error sending notification message for path: /frr-interface:lib/interface[name="dummy0"]/state
2026/07/14 16:06:34 ZEBRA: [X0ASY-1BHSQ] NB_OP_CHANGE: oper_walk_done: ERROR: Error notifying for datastore path: /frr-interface:lib/interface[name="dummy0"]/state: generic error
2026/07/14 16:06:34 ZEBRA: [YKHB9-ND03T] BE-client: msg_conn_send_msg: can't send message on closed connection
2026/07/14 16:06:34 ZEBRA: [GK6BW-E28RD] NB_OP_CHANGE: oper_walk_done: ERROR: Error sending notification message for path: /frr-interface:lib/interface[name="dummy0"]/state
2026/07/14 16:06:34 ZEBRA: [X0ASY-1BHSQ] NB_OP_CHANGE: oper_walk_done: ERROR: Error notifying for datastore path: /frr-interface:lib/interface[name="dummy0"]/state: generic error
2026/07/14 16:06:34 ZEBRA: [YKHB9-ND03T] BE-client: msg_conn_send_msg: can't send message on closed connection
2026/07/14 16:06:34 ZEBRA: [GK6BW-E28RD] NB_OP_CHANGE: oper_walk_done: ERROR: Error sending notification message for path: /frr-interface:lib/interface[name="dummy0"]/state
2026/07/14 16:06:34 ZEBRA: [X0ASY-1BHSQ] NB_OP_CHANGE: oper_walk_done: ERROR: Error notifying for datastore path: /frr-interface:lib/interface[name="dummy0"]/state: generic error
2026/07/14 16:06:34 ZEBRA: [YKHB9-ND03T] BE-client: msg_conn_send_msg: can't send message on closed connection
2026/07/14 16:06:34 ZEBRA: [GK6BW-E28RD] NB_OP_CHANGE: oper_walk_done: ERROR: Error sending notification message for path: /frr-interface:lib/interface[name="dummy0"]/state
2026/07/14 16:06:34 ZEBRA: [X0ASY-1BHSQ] NB_OP_CHANGE: oper_walk_done: ERROR: Error notifying for datastore path: /frr-interface:lib/interface[name="dummy0"]/state: generic error
2026/07/14 16:06:34 ZEBRA: [YKHB9-ND03T] BE-client: msg_conn_send_msg: can't send message on closed connection
2026/07/14 16:06:34 ZEBRA: [GK6BW-E28RD] NB_OP_CHANGE: oper_walk_done: ERROR: Error sending notification message for path: /frr-interface:lib/interface[name="dummy0"]/state
2026/07/14 16:06:34 ZEBRA: [X0ASY-1BHSQ] NB_OP_CHANGE: oper_walk_done: ERROR: Error notifying for datastore path: /frr-interface:lib/interface[name="dummy0"]/state: generic error
2026/07/14 16:06:34 ZEBRA: [YKHB9-ND03T] BE-client: msg_conn_send_msg: can't send message on closed connection
2026/07/14 16:06:34 ZEBRA: [GK6BW-E28RD] NB_OP_CHANGE: oper_walk_done: ERROR: Error sending notification message for path: /frr-interface:lib/interface[name="dummy0"]/state
2026/07/14 16:06:34 ZEBRA: [X0ASY-1BHSQ] NB_OP_CHANGE: oper_walk_done: ERROR: Error notifying for datastore path: /frr-interface:lib/interface[name="dummy0"]/state: generic error
2026/07/14 16:06:34 ZEBRA: [YKHB9-ND03T] BE-client: msg_conn_send_msg: can't send message on closed connection
2026/07/14 16:06:34 ZEBRA: [GK6BW-E28RD] NB_OP_CHANGE: oper_walk_done: ERROR: Error sending notification message for path: /frr-interface:lib/interface[name="dummy0"]/state
2026/07/14 16:06:34 ZEBRA: [X0ASY-1BHSQ] NB_OP_CHANGE: oper_walk_done: ERROR: Error notifying for datastore path: /frr-interface:lib/interface[name="dummy0"]/state: generic error
2026/07/14 16:06:34 ZEBRA: [YKHB9-ND03T] BE-client: msg_conn_send_msg: can't send message on closed connection
2026/07/14 16:06:34 ZEBRA: [GK6BW-E28RD] NB_OP_CHANGE: oper_walk_done: ERROR: Error sending notification message for path: /frr-interface:lib/interface[name="dummy0"]/state
2026/07/14 16:06:34 ZEBRA: [X0ASY-1BHSQ] NB_OP_CHANGE: oper_walk_done: ERROR: Error notifying for datastore path: /frr-interface:lib/interface[name="dummy0"]/state: generic error
2026/07/14 16:06:34 ZEBRA: [YKHB9-ND03T] BE-client: msg_conn_send_msg: can't send message on closed connection
2026/07/14 16:06:34 ZEBRA: [GK6BW-E28RD] NB_OP_CHANGE: oper_walk_done: ERROR: Error sending notification message for path: /frr-interface:lib/interface[name="dummy0"]/state
2026/07/14 16:06:34 ZEBRA: [X0ASY-1BHSQ] NB_OP_CHANGE: oper_walk_done: ERROR: Error notifying for datastore path: /frr-interface:lib/interface[name="dummy0"]/state: generic error
2026/07/14 16:06:34 ZEBRA: [YKHB9-ND03T] BE-client: msg_conn_send_msg: can't send message on closed connection
2026/07/14 16:06:34 ZEBRA: [GK6BW-E28RD] NB_OP_CHANGE: oper_walk_done: ERROR: Error sending notification message for path: /frr-interface:lib/interface[name="dummy0"]/state
2026/07/14 16:06:34 ZEBRA: [X0ASY-1BHSQ] NB_OP_CHANGE: oper_walk_done: ERROR: Error notifying for datastore path: /frr-interface:lib/interface[name="dummy0"]/state: generic error
2026/07/14 16:06:34 ZEBRA: [YKHB9-ND03T] BE-client: msg_conn_send_msg: can't send message on closed connection
2026/07/14 16:06:34 ZEBRA: [GK6BW-E28RD] NB_OP_CHANGE: oper_walk_done: ERROR: Error sending notification message for path: /frr-interface:lib/interface[name="dummy0"]/state
2026/07/14 16:06:34 ZEBRA: [X0ASY-1BHSQ] NB_OP_CHANGE: oper_walk_done: ERROR: Error notifying for datastore path: /frr-interface:lib/interface[name="dummy0"]/state: generic error
2026/07/14 16:06:34 ZEBRA: [YKHB9-ND03T] BE-client: msg_conn_send_msg: can't send message on closed connection
2026/07/14 16:06:34 ZEBRA: [GK6BW-E28RD] NB_OP_CHANGE: oper_walk_done: ERROR: Error sending notification message for path: /frr-interface:lib/interface[name="dummy0"]/state
2026/07/14 16:06:34 ZEBRA: [X0ASY-1BHSQ] NB_OP_CHANGE: oper_walk_done: ERROR: Error notifying for datastore path: /frr-interface:lib/interface[name="dummy0"]/state: generic error
2026/07/14 16:06:34 ZEBRA: [YKHB9-ND03T] BE-client: msg_conn_send_msg: can't send message on closed connection
2026/07/14 16:06:34 ZEBRA: [GK6BW-E28RD] NB_OP_CHANGE: oper_walk_done: ERROR: Error sending notification message for path: /frr-interface:lib/interface[name="dummy0"]/state
2026/07/14 16:06:34 ZEBRA: [X0ASY-1BHSQ] NB_OP_CHANGE: oper_walk_done: ERROR: Error notifying for datastore path: /frr-interface:lib/interface[name="dummy0"]/state: generic error
2026/07/14 16:06:34 ZEBRA: [YKHB9-ND03T] BE-client: msg_conn_send_msg: can't send message on closed connection
2026/07/14 16:06:34 ZEBRA: [GK6BW-E28RD] NB_OP_CHANGE: oper_walk_done: ERROR: Error sending notification message for path: /frr-interface:lib/interface[name="dummy0"]/state
2026/07/14 16:06:34 ZEBRA: [X0ASY-1BHSQ] NB_OP_CHANGE: oper_walk_done: ERROR: Error notifying for datastore path: /frr-interface:lib/interface[name="dummy0"]/state: generic error
2026/07/14 16:06:34 ZEBRA: [YKHB9-ND03T] BE-client: msg_conn_send_msg: can't send message on closed connection
2026/07/14 16:06:34 ZEBRA: [GK6BW-E28RD] NB_OP_CHANGE: oper_walk_done: ERROR: Error sending notification message for path: /frr-interface:lib/interface[name="dummy0"]/state
2026/07/14 16:06:34 ZEBRA: [X0ASY-1BHSQ] NB_OP_CHANGE: oper_walk_done: ERROR: Error notifying for datastore path: /frr-interface:lib/interface[name="dummy0"]/state: generic error
2026/07/14 16:06:34 ZEBRA: [YKHB9-ND03T] BE-client: msg_conn_send_msg: can't send message on closed connection
2026/07/14 16:06:34 ZEBRA: [GK6BW-E28RD] NB_OP_CHANGE: oper_walk_done: ERROR: Error sending notification message for path: /frr-interface:lib/interface[name="dummy0"]/state
2026/07/14 16:06:34 ZEBRA: [X0ASY-1BHSQ] NB_OP_CHANGE: oper_walk_done: ERROR: Error notifying for datastore path: /frr-interface:lib/interface[name="dummy0"]/state: generic error
2026/07/14 16:06:34 ZEBRA: [YKHB9-ND03T] BE-client: msg_conn_send_msg: can't send message on closed connection
2026/07/14 16:06:34 ZEBRA: [GK6BW-E28RD] NB_OP_CHANGE: oper_walk_done: ERROR: Error sending notification message for path: /frr-interface:lib/interface[name="dummy0"]/state
2026/07/14 16:06:34 ZEBRA: [X0ASY-1BHSQ] NB_OP_CHANGE: oper_walk_done: ERROR: Error notifying for datastore path: /frr-interface:lib/interface[name="dummy0"]/state: generic error
2026/07/14 16:06:34 ZEBRA: [YKHB9-ND03T] BE-client: msg_conn_send_msg: can't send message on closed connection
2026/07/14 16:06:34 ZEBRA: [GK6BW-E28RD] NB_OP_CHANGE: oper_walk_done: ERROR: Error sending notification message for path: /frr-interface:lib/interface[name="dummy0"]/state
2026/07/14 16:06:34 ZEBRA: [X0ASY-1BHSQ] NB_OP_CHANGE: oper_walk_done: ERROR: Error notifying for datastore path: /frr-interface:lib/interface[name="dummy0"]/state: generic error
2026/07/14 16:06:34 ZEBRA: [YKHB9-ND03T] BE-client: msg_conn_send_msg: can't send message on closed connection
2026/07/14 16:06:34 ZEBRA: [GK6BW-E28RD] NB_OP_CHANGE: oper_walk_done: ERROR: Error sending notification message for path: /frr-interface:lib/interface[name="dummy0"]/state
2026/07/14 16:06:34 ZEBRA: [X0ASY-1BHSQ] NB_OP_CHANGE: oper_walk_done: ERROR: Error notifying for datastore path: /frr-interface:lib/interface[name="dummy0"]/state: generic error
2026/07/14 16:06:34 ZEBRA: [YKHB9-ND03T] BE-client: msg_conn_send_msg: can't send message on closed connection
2026/07/14 16:06:34 ZEBRA: [GK6BW-E28RD] NB_OP_CHANGE: oper_walk_done: ERROR: Error sending notification message for path: /frr-interface:lib/interface[name="dummy0"]/state
2026/07/14 16:06:34 ZEBRA: [X0ASY-1BHSQ] NB_OP_CHANGE: oper_walk_done: ERROR: Error notifying for datastore path: /frr-interface:lib/interface[name="dummy0"]/state: generic error
2026/07/14 16:06:34 ZEBRA: [YKHB9-ND03T] BE-client: msg_conn_send_msg: can't send message on closed connection
2026/07/14 16:06:34 ZEBRA: [GK6BW-E28RD] NB_OP_CHANGE: oper_walk_done: ERROR: Error sending notification message for path: /frr-interface:lib/interface[name="dummy0"]/state
2026/07/14 16:06:34 ZEBRA: [X0ASY-1BHSQ] NB_OP_CHANGE: oper_walk_done: ERROR: Error notifying for datastore path: /frr-interface:lib/interface[name="dummy0"]/state: generic error
2026/07/14 16:06:34 ZEBRA: [YKHB9-ND03T] BE-client: msg_conn_send_msg: can't send message on closed connection
2026/07/14 16:06:34 ZEBRA: [GK6BW-E28RD] NB_OP_CHANGE: oper_walk_done: ERROR: Error sending notification message for path: /frr-interface:lib/interface[name="dummy0"]/state
2026/07/14 16:06:34 ZEBRA: [X0ASY-1BHSQ] NB_OP_CHANGE: oper_walk_done: ERROR: Error notifying for datastore path: /frr-interface:lib/interface[name="dummy0"]/state: generic error
2026/07/14 16:06:34 ZEBRA: [YKHB9-ND03T] BE-client: msg_conn_send_msg: can't send message on closed connection
2026/07/14 16:06:34 ZEBRA: [GK6BW-E28RD] NB_OP_CHANGE: oper_walk_done: ERROR: Error sending notification message for path: /frr-interface:lib/interface[name="dummy0"]/state
2026/07/14 16:06:34 ZEBRA: [X0ASY-1BHSQ] NB_OP_CHANGE: oper_walk_done: ERROR: Error notifying for datastore path: /frr-interface:lib/interface[name="dummy0"]/state: generic error
2026/07/14 16:06:34 ZEBRA: [YKHB9-ND03T] BE-client: msg_conn_send_msg: can't send message on closed connection
2026/07/14 16:06:34 ZEBRA: [GK6BW-E28RD] NB_OP_CHANGE: oper_walk_done: ERROR: Error sending notification message for path: /frr-interface:lib/interface[name="dummy0"]/state
2026/07/14 16:06:34 ZEBRA: [X0ASY-1BHSQ] NB_OP_CHANGE: oper_walk_done: ERROR: Error notifying for datastore path: /frr-interface:lib/interface[name="dummy0"]/state: generic error
2026/07/14 16:06:34 ZEBRA: [YKHB9-ND03T] BE-client: msg_conn_send_msg: can't send message on closed connection
2026/07/14 16:06:34 ZEBRA: [GK6BW-E28RD] NB_OP_CHANGE: oper_walk_done: ERROR: Error sending notification message for path: /frr-interface:lib/interface[name="dummy0"]/state
2026/07/14 16:06:34 ZEBRA: [X0ASY-1BHSQ] NB_OP_CHANGE: oper_walk_done: ERROR: Error notifying for datastore path: /frr-interface:lib/interface[name="dummy0"]/state: generic error
2026/07/14 16:06:34 ZEBRA: [YKHB9-ND03T] BE-client: msg_conn_send_msg: can't send message on closed connection
2026/07/14 16:06:34 ZEBRA: [GK6BW-E28RD] NB_OP_CHANGE: oper_walk_done: ERROR: Error sending notification message for path: /frr-interface:lib/interface[name="dummy0"]/state
2026/07/14 16:06:34 ZEBRA: [X0ASY-1BHSQ] NB_OP_CHANGE: oper_walk_done: ERROR: Error notifying for datastore path: /frr-interface:lib/interface[name="dummy0"]/state: generic error
2026/07/14 16:06:34 ZEBRA: [YKHB9-ND03T] BE-client: msg_conn_send_msg: can't send message on closed connection
2026/07/14 16:06:34 ZEBRA: [GK6BW-E28RD] NB_OP_CHANGE: oper_walk_done: ERROR: Error sending notification message for path: /frr-interface:lib/interface[name="dummy0"]/state
2026/07/14 16:06:34 ZEBRA: [X0ASY-1BHSQ] NB_OP_CHANGE: oper_walk_done: ERROR: Error notifying for datastore path: /frr-interface:lib/interface[name="dummy0"]/state: generic error
2026/07/14 16:06:34 ZEBRA: [YKHB9-ND03T] BE-client: msg_conn_send_msg: can't send message on closed connection
2026/07/14 16:06:34 ZEBRA: [GK6BW-E28RD] NB_OP_CHANGE: oper_walk_done: ERROR: Error sending notification message for path: /frr-interface:lib/interface[name="dummy0"]/state
2026/07/14 16:06:34 ZEBRA: [X0ASY-1BHSQ] NB_OP_CHANGE: oper_walk_done: ERROR: Error notifying for datastore path: /frr-interface:lib/interface[name="dummy0"]/state: generic error
2026/07/14 16:06:34 ZEBRA: [YKHB9-ND03T] BE-client: msg_conn_send_msg: can't send message on closed connection
2026/07/14 16:06:34 ZEBRA: [GK6BW-E28RD] NB_OP_CHANGE: oper_walk_done: ERROR: Error sending notification message for path: /frr-interface:lib/interface[name="dummy0"]/state
2026/07/14 16:06:34 ZEBRA: [X0ASY-1BHSQ] NB_OP_CHANGE: oper_walk_done: ERROR: Error notifying for datastore path: /frr-interface:lib/interface[name="dummy0"]/state: generic error
2026/07/14 16:06:35 ZEBRA: [YKHB9-ND03T] BE-client: msg_conn_send_msg: can't send message on closed connection
2026/07/14 16:06:35 ZEBRA: [GK6BW-E28RD] NB_OP_CHANGE: oper_walk_done: ERROR: Error sending notification message for path: /frr-interface:lib/interface[name="dummy0"]/state
2026/07/14 16:06:35 ZEBRA: [X0ASY-1BHSQ] NB_OP_CHANGE: oper_walk_done: ERROR: Error notifying for datastore path: /frr-interface:lib/interface[name="dummy0"]/state: generic error
2026/07/14 16:06:35 ZEBRA: [YKHB9-ND03T] BE-client: msg_conn_send_msg: can't send message on closed connection
2026/07/14 16:06:35 ZEBRA: [GK6BW-E28RD] NB_OP_CHANGE: oper_walk_done: ERROR: Error sending notification message for path: /frr-interface:lib/interface[name="dummy0"]/state
2026/07/14 16:06:35 ZEBRA: [X0ASY-1BHSQ] NB_OP_CHANGE: oper_walk_done: ERROR: Error notifying for datastore path: /frr-interface:lib/interface[name="dummy0"]/state: generic error
2026/07/14 16:06:35 ZEBRA: [YKHB9-ND03T] BE-client: msg_conn_send_msg: can't send message on closed connection
2026/07/14 16:06:35 ZEBRA: [GK6BW-E28RD] NB_OP_CHANGE: oper_walk_done: ERROR: Error sending notification message for path: /frr-interface:lib/interface[name="dummy0"]/state
2026/07/14 16:06:35 ZEBRA: [X0ASY-1BHSQ] NB_OP_CHANGE: oper_walk_done: ERROR: Error notifying for datastore path: /frr-interface:lib/interface[name="dummy0"]/state: generic error
2026/07/14 16:06:35 ZEBRA: [YKHB9-ND03T] BE-client: msg_conn_send_msg: can't send message on closed connection
2026/07/14 16:06:35 ZEBRA: [GK6BW-E28RD] NB_OP_CHANGE: oper_walk_done: ERROR: Error sending notification message for path: /frr-interface:lib/interface[name="dummy0"]/state
2026/07/14 16:06:35 ZEBRA: [X0ASY-1BHSQ] NB_OP_CHANGE: oper_walk_done: ERROR: Error notifying for datastore path: /frr-interface:lib/interface[name="dummy0"]/state: generic error
